item_id,internal_name,name,description,item_script,dropped_by,item_type,item_class,letter_category,extraction_method,obtainable_from,applicable_jobs,enchantment,buyable_at,required_for
6269,Master_Brush,"Home Join Now Forum Renewal Item Monster Skill Low Rate Mid Rate High Rate Super High Rate New Servers List All Search Item Search Equipments - Weapons - Daggers - 1-handed Swords - 2-handed Swords - 1-handed Spears - 2-handed Spears - 1-handed Axes - 2-handed Axes - Maces - 1-handed Staffs - 2-handed Staffs - Bows - Knuckles - Musical Instruments - Whips - Books - Katars - Fuuma Shurikens - Guns » - Revolvers - Rifles - Gatling Guns - Shotguns - Grenade Launchers - Armors - Armors - Shields - Garments - Footgears - Accessories - Headgears » - Upper Head - Middle Head - Lower Head - Upper & Middle - Middle & Lower - Upper & Lower - U, M & L - Costume Headgears - Cards - On Headgear - On Armor - On Weapon - On Shield - On Garment - On Footgear - On Accessory - Ammunitions - Arrows - Bullets - Grenades - Shurikens - Kunais - Cannon Balls - Throw Weapons - Throwing Daggers Other Items - Healing Item - Usable Item - Monster Egg - Pet Armor - Taming Item - Delayed-Consumable - Cash Shop Item - Miscellaneous Monster Search Re-Item Search Re-Equipments - Weapons - Daggers - 1-handed Swords - 2-handed Swords - 1-handed Spears - 2-handed Spears - 1-handed Axes - 2-handed Axes - Maces - 1-handed Staffs - 2-handed Staffs - Bows - Knuckles - Musical Instruments - Whips - Books - Katars - Fuuma Shurikens - Guns » - Revolvers - Rifles - Gatling Guns - Shotguns - Grenade Launchers - Armors - Armors - Shields - Garments - Footgears - Accessories - Headgears » - Upper Head - Middle Head - Lower Head - Upper & Middle - Middle & Lower - Upper & Lower - U, M & L - Cards - On Headgear - On Armor - On Weapon - On Shield - On Garment - On Footgear - On Accessory - Ammunitions - Arrows - Bullets - Grenades - Shurikens - Kunais - Cannon Balls - Throw Weapons - Throwing Daggers - Shadow Gears - Weapons - Armors - Shields - Footgears - Earring - Pendant - Costumes - Garments - Headgears » - Upper Head - Middle Head - Lower Head - Upper & Middle - Middle & Lower - Upper & Lower - U, M & L Other Re-Items - Healing Item - Usable Item - Monster Egg - Pet Armor - Taming Item - Delayed-Consumable - Cash Shop Item - Miscellaneous Re-Monster Search Skill Database Quest Database RO Writings Map Database Creation Database Misc Database NPC Search Shop Search Skill Simulator Char Simulator Calculators Rate Settings Graphic Settings Advertise on RMS Site Map Affiliate Links » rAthena .:Item Database:. Items Listed From A-Zabcdefghijklmnopqrstuvwxyz Item Drop Rate: 1x Show iRO Classic Description? Hide items not dropped by monster? A Master's Blush",A legendary brush which is used by a Master of dark arts. People says it's made of the best ivory and hair of a god.,"{},{},{}",No Result,Miscellaneous,ic Description?,a,html_block,,,,,
6270,Mins_Picture,A Picture Of Minstrel Song,,,,,,a,html_block,,,,,
6274,Saint_Cloth_Piece,A Piece Of Cloth Of A Saint,,,,,,a,html_block,,,,,
14536,Abrasive,Abrasive,,,,,,a,html_block,,,,,
13718,Abrasive_Box10,Abrasive 10 Box,,,,,,a,html_block,,,,,
14111,F_Abrasive_Box10,Abrasive 10 Box,,,,,,a,html_block,,,,,
13717,Abrasive_Box5,Abrasive 5 Box,,,,,,a,html_block,,,,,
14110,F_Abrasive_Box5,Abrasive 5 Box,,,,,,a,html_block,,,,,
6069,ABUNDANCE,Abundance,,,,,,a,html_block,,,,,
4140,Knight_Of_Abyss_Card,Abysmal Knight Card,,,,,,a,html_block,,,,,
5407,Academy_Graduating_Cap,Academy Completion Hat [1],,,,,,a,html_block,,,,,
5406,Academy_Freshman_Hat,Academy Freshman Hat [0],,,,,,a,html_block,,,,,
7169,Taegeuk_Plate,"Home Join Now Forum Renewal Item Monster Skill Low Rate Mid Rate High Rate Super High Rate New Servers List All Search Item Search Equipments - Weapons - Daggers - 1-handed Swords - 2-handed Swords - 1-handed Spears - 2-handed Spears - 1-handed Axes - 2-handed Axes - Maces - 1-handed Staffs - 2-handed Staffs - Bows - Knuckles - Musical Instruments - Whips - Books - Katars - Fuuma Shurikens - Guns » - Revolvers - Rifles - Gatling Guns - Shotguns - Grenade Launchers - Armors - Armors - Shields - Garments - Footgears - Accessories - Headgears » - Upper Head - Middle Head - Lower Head - Upper & Middle - Middle & Lower - Upper & Lower - U, M & L - Costume Headgears - Cards - On Headgear - On Armor - On Weapon - On Shield - On Garment - On Footgear - On Accessory - Ammunitions - Arrows - Bullets - Grenades - Shurikens - Kunais - Cannon Balls - Throw Weapons - Throwing Daggers Other Items - Healing Item - Usable Item - Monster Egg - Pet Armor - Taming Item - Delayed-Consumable - Cash Shop Item - Miscellaneous Monster Search Re-Item Search Re-Equipments - Weapons - Daggers - 1-handed Swords - 2-handed Swords - 1-handed Spears - 2-handed Spears - 1-handed Axes - 2-handed Axes - Maces - 1-handed Staffs - 2-handed Staffs - Bows - Knuckles - Musical Instruments - Whips - Books - Katars - Fuuma Shurikens - Guns » - Revolvers - Rifles - Gatling Guns - Shotguns - Grenade Launchers - Armors - Armors - Shields - Garments - Footgears - Accessories - Headgears » - Upper Head - Middle Head - Lower Head - Upper & Middle - Middle & Lower - Upper & Lower - U, M & L - Cards - On Headgear - On Armor - On Weapon - On Shield - On Garment - On Footgear - On Accessory - Ammunitions - Arrows - Bullets - Grenades - Shurikens - Kunais - Cannon Balls - Throw Weapons - Throwing Daggers - Shadow Gears - Weapons - Armors - Shields - Footgears - Earring - Pendant - Costumes - Garments - Headgears » - Upper Head - Middle Head - Lower Head - Upper & Middle - Middle & Lower - Upper & Lower - U, M & L Other Re-Items - Healing Item - Usable Item - Monster Egg - Pet Armor - Taming Item - Delayed-Consumable - Cash Shop Item - Miscellaneous Re-Monster Search Skill Database Quest Database RO Writings Map Database Creation Database Misc Database NPC Search Shop Search Skill Simulator Char Simulator Calculators Rate Settings Graphic Settings Advertise on RMS Site Map Affiliate Links » rAthena .:Item Database:. Items Listed From A-Zabcdefghijklmnopqrstuvwxyz Item Drop Rate: 1x Show iRO Classic Description? Hide items not dropped by monster? Ba Gua",A talisman with a Yin-Yang symbol carved in the middle of it.,"{},{},{}",Evil Snake Lord(58.2%),Miscellaneous,ic Description?,b,html_block,"Old Blue Box,Old Violet Box",,,,
7765,Yaga_Secret_Medicine,Baba Yaga's Secret Medicine,,,,,,b,html_block,,,,,
7880,Babayaga_Silver_Spoon,Baba Yaga's Silver Spoon,,,,,,b,html_block,,,,,
13869,Chick_Hat_Box,Baby Chick Hat Box,,,,,,b,html_block,,,,,
14097,F_Chick_Hat_Box,Baby Chick Hat Box,,,,,,b,html_block,,,,,
4023,Desert_Wolf_Babe_Card,Baby Desert Wolf Card,,,,,,b,html_block,,,,,
9010,Baby_Desert_Wolf_Egg,Baby Desert Wolf Egg,,,,,,b,html_block,,,,,
6173,Desert_Wolf_B_Ticket,Baby Desert Wolf Exchange Ticket,,,,,,b,html_block,,,,,
5531,B_Dragon_Hat,Baby Dragon Hat [1],,,,,,b,html_block,,,,,
4233,Baby_Leopard_Card,Baby Leopard Card,,,,,,b,html_block,,,,,
5110,Baby_Pacifier,Baby Pacifier [0],,,,,,b,html_block,,,,,
7119,Spawns,Bacillus,,,,,,b,html_block,,,,,
7182,Cacao,"Home Join Now Forum Renewal Item Monster Skill Low Rate Mid Rate High Rate Super High Rate New Servers List All Search Item Search Equipments - Weapons - Daggers - 1-handed Swords - 2-handed Swords - 1-handed Spears - 2-handed Spears - 1-handed Axes - 2-handed Axes - Maces - 1-handed Staffs - 2-handed Staffs - Bows - Knuckles - Musical Instruments - Whips - Books - Katars - Fuuma Shurikens - Guns » - Revolvers - Rifles - Gatling Guns - Shotguns - Grenade Launchers - Armors - Armors - Shields - Garments - Footgears - Accessories - Headgears » - Upper Head - Middle Head - Lower Head - Upper & Middle - Middle & Lower - Upper & Lower - U, M & L - Costume Headgears - Cards - On Headgear - On Armor - On Weapon - On Shield - On Garment - On Footgear - On Accessory - Ammunitions - Arrows - Bullets - Grenades - Shurikens - Kunais - Cannon Balls - Throw Weapons - Throwing Daggers Other Items - Healing Item - Usable Item - Monster Egg - Pet Armor - Taming Item - Delayed-Consumable - Cash Shop Item - Miscellaneous Monster Search Re-Item Search Re-Equipments - Weapons - Daggers - 1-handed Swords - 2-handed Swords - 1-handed Spears - 2-handed Spears - 1-handed Axes - 2-handed Axes - Maces - 1-handed Staffs - 2-handed Staffs - Bows - Knuckles - Musical Instruments - Whips - Books - Katars - Fuuma Shurikens - Guns » - Revolvers - Rifles - Gatling Guns - Shotguns - Grenade Launchers - Armors - Armors - Shields - Garments - Footgears - Accessories - Headgears » - Upper Head - Middle Head - Lower Head - Upper & Middle - Middle & Lower - Upper & Lower - U, M & L - Cards - On Headgear - On Armor - On Weapon - On Shield - On Garment - On Footgear - On Accessory - Ammunitions - Arrows - Bullets - Grenades - Shurikens - Kunais - Cannon Balls - Throw Weapons - Throwing Daggers - Shadow Gears - Weapons - Armors - Shields - Footgears - Earring - Pendant - Costumes - Garments - Headgears » - Upper Head - Middle Head - Lower Head - Upper & Middle - Middle & Lower - Upper & Lower - U, M & L Other Re-Items - Healing Item - Usable Item - Monster Egg - Pet Armor - Taming Item - Delayed-Consumable - Cash Shop Item - Miscellaneous Re-Monster Search Skill Database Quest Database RO Writings Map Database Creation Database Misc Database NPC Search Shop Search Skill Simulator Char Simulator Calculators Rate Settings Graphic Settings Advertise on RMS Site Map Affiliate Links » rAthena .:Item Database:. Items Listed From A-Zabcdefghijklmnopqrstuvwxyz Item Drop Rate: 1x Show iRO Classic Description? Hide items not dropped by monster? Cacao","A nut from the Cacao tree that is naturally found in warm climes.It must be dried into cacao beans, fried and then ground to become cacao paste.Chocolate is made by solidifying the cacao paste with milk. The fat extracted from the cacao paste is used as cacao butter, so it's not ready to eat yet.","{},{},{}",Yoyo(9%)Yoyo(5%)Wootan Shooter(1%),Miscellaneous,ic Description?,c,html_block,"Old Blue Box,Old Violet Box",,,,
7718,Cacao_Bean,Cacao Bean,,,,,,c,html_block,,,,,
5737,Cactus_Hat,Cactus Hat [0],,,,,,c,html_block,,,,,
952,Cactus_Needle,Cactus Needle,,,,,,c,html_block,,,,,
1134,Scissores_Sword,Caesar's Sword [0],,,,,,c,html_block,,,,,
5024,Hat_Of_Cake,Cake Hat [0],,,,,,c,html_block,,,,,
6331,Calender_April,Calender April,,,,,,c,html_block,,,,,
6335,Calender_August,Calender August,,,,,,c,html_block,,,,,
6339,Calender_December,Calender December,,,,,,c,html_block,,,,,
6329,Calender_February,Calender February,,,,,,c,html_block,,,,,
6328,Calender_January,Calender January,,,,,,c,html_block,,,,,
6334,Calender_July,Calender July,,,,,,c,html_block,,,,,
12274,Gold_Pill_1,"Home Join Now Forum Renewal Item Monster Skill Low Rate Mid Rate High Rate Super High Rate New Servers List All Search Item Search Equipments - Weapons - Daggers - 1-handed Swords - 2-handed Swords - 1-handed Spears - 2-handed Spears - 1-handed Axes - 2-handed Axes - Maces - 1-handed Staffs - 2-handed Staffs - Bows - Knuckles - Musical Instruments - Whips - Books - Katars - Fuuma Shurikens - Guns » - Revolvers - Rifles - Gatling Guns - Shotguns - Grenade Launchers - Armors - Armors - Shields - Garments - Footgears - Accessories - Headgears » - Upper Head - Middle Head - Lower Head - Upper & Middle - Middle & Lower - Upper & Lower - U, M & L - Costume Headgears - Cards - On Headgear - On Armor - On Weapon - On Shield - On Garment - On Footgear - On Accessory - Ammunitions - Arrows - Bullets - Grenades - Shurikens - Kunais - Cannon Balls - Throw Weapons - Throwing Daggers Other Items - Healing Item - Usable Item - Monster Egg - Pet Armor - Taming Item - Delayed-Consumable - Cash Shop Item - Miscellaneous Monster Search Re-Item Search Re-Equipments - Weapons - Daggers - 1-handed Swords - 2-handed Swords - 1-handed Spears - 2-handed Spears - 1-handed Axes - 2-handed Axes - Maces - 1-handed Staffs - 2-handed Staffs - Bows - Knuckles - Musical Instruments - Whips - Books - Katars - Fuuma Shurikens - Guns » - Revolvers - Rifles - Gatling Guns - Shotguns - Grenade Launchers - Armors - Armors - Shields - Garments - Footgears - Accessories - Headgears » - Upper Head - Middle Head - Lower Head - Upper & Middle - Middle & Lower - Upper & Lower - U, M & L - Cards - On Headgear - On Armor - On Weapon - On Shield - On Garment - On Footgear - On Accessory - Ammunitions - Arrows - Bullets - Grenades - Shurikens - Kunais - Cannon Balls - Throw Weapons - Throwing Daggers - Shadow Gears - Weapons - Armors - Shields - Footgears - Earring - Pendant - Costumes - Garments - Headgears » - Upper Head - Middle Head - Lower Head - Upper & Middle - Middle & Lower - Upper & Lower - U, M & L Other Re-Items - Healing Item - Usable Item - Monster Egg - Pet Armor - Taming Item - Delayed-Consumable - Cash Shop Item - Miscellaneous Re-Monster Search Skill Database Quest Database RO Writings Map Database Creation Database Misc Database NPC Search Shop Search Skill Simulator Char Simulator Calculators Rate Settings Graphic Settings Advertise on RMS Site Map Affiliate Links » rAthena .:Item Database:. Items Listed From A-Zabcdefghijklmnopqrstuvwxyz Item Drop Rate: 1x Show iRO Classic Description? Hide items not dropped by monster? Daehwandan",Only one of Eastern religious groups can be created.Increases Maximum HP + 5% for 1 hour. Recovers 10% HP.,"{ sc_start2 SC_INCREASE_MAXHP,3600000,5,10; percentheal 10,0; },{},{}",No Result,Healing Item,ic Description?,d,html_block,,,,,
901,Danggie,Daenggie,,,,,,d,html_block,,,,,
1215,Dagger__,Dagger [0],,,,,,d,html_block,,,,,
1213,Dagger,Dagger [2],,,,,,d,html_block,,,,,
1214,Dagger_,Dagger [3],,,,,,d,html_block,,,,,
1242,Counter_Dagger,Dagger of Counter [0],,,,,,d,html_block,,,,,
13022,Counter_Dagger_C,Dagger of Counter [0],,,,,,d,html_block,,,,,
12939,Counter_Dagger_Box,Dagger of Counter Box,,,,,,d,html_block,,,,,
13038,Dagger_Of_Hunter,Dagger of Hunter [3],,,,,,d,html_block,,,,,
7899,Spiritualist_Dagger,Dagger Of Psychic,,,,,,d,html_block,,,,,
13048,Damascus_C,Damascus [0],,,,,,d,html_block,,,,,
1222,Damascus,Damascus [1],,,,,,d,html_block,,,,,
12514,E_Abrasive,"Home Join Now Forum Renewal Item Monster Skill Low Rate Mid Rate High Rate Super High Rate New Servers List All Search Item Search Equipments - Weapons - Daggers - 1-handed Swords - 2-handed Swords - 1-handed Spears - 2-handed Spears - 1-handed Axes - 2-handed Axes - Maces - 1-handed Staffs - 2-handed Staffs - Bows - Knuckles - Musical Instruments - Whips - Books - Katars - Fuuma Shurikens - Guns » - Revolvers - Rifles - Gatling Guns - Shotguns - Grenade Launchers - Armors - Armors - Shields - Garments - Footgears - Accessories - Headgears » - Upper Head - Middle Head - Lower Head - Upper & Middle - Middle & Lower - Upper & Lower - U, M & L - Costume Headgears - Cards - On Headgear - On Armor - On Weapon - On Shield - On Garment - On Footgear - On Accessory - Ammunitions - Arrows - Bullets - Grenades - Shurikens - Kunais - Cannon Balls - Throw Weapons - Throwing Daggers Other Items - Healing Item - Usable Item - Monster Egg - Pet Armor - Taming Item - Delayed-Consumable - Cash Shop Item - Miscellaneous Monster Search Re-Item Search Re-Equipments - Weapons - Daggers - 1-handed Swords - 2-handed Swords - 1-handed Spears - 2-handed Spears - 1-handed Axes - 2-handed Axes - Maces - 1-handed Staffs - 2-handed Staffs - Bows - Knuckles - Musical Instruments - Whips - Books - Katars - Fuuma Shurikens - Guns » - Revolvers - Rifles - Gatling Guns - Shotguns - Grenade Launchers - Armors - Armors - Shields - Garments - Footgears - Accessories - Headgears » - Upper Head - Middle Head - Lower Head - Upper & Middle - Middle & Lower - Upper & Lower - U, M & L - Cards - On Headgear - On Armor - On Weapon - On Shield - On Garment - On Footgear - On Accessory - Ammunitions - Arrows - Bullets - Grenades - Shurikens - Kunais - Cannon Balls - Throw Weapons - Throwing Daggers - Shadow Gears - Weapons - Armors - Shields - Footgears - Earring - Pendant - Costumes - Garments - Headgears » - Upper Head - Middle Head - Lower Head - Upper & Middle - Middle & Lower - Upper & Lower - U, M & L Other Re-Items - Healing Item - Usable Item - Monster Egg - Pet Armor - Taming Item - Delayed-Consumable - Cash Shop Item - Miscellaneous Re-Monster Search Skill Database Quest Database RO Writings Map Database Creation Database Misc Database NPC Search Shop Search Skill Simulator Char Simulator Calculators Rate Settings Graphic Settings Advertise on RMS Site Map Affiliate Links » rAthena .:Item Database:. Items Listed From A-Zabcdefghijklmnopqrstuvwxyz Item Drop Rate: 1x Show iRO Classic Description? Hide items not dropped by monster? E Abrasive",Not Available[iRO Description]Not Available,"{},{},{}",No Result,Usable Item,ic Description?,e,html_block,,Every Job,,,
12527,E_Adrenaline_Scroll,E Adrenaline Scroll,,,,,,e,html_block,,,,,
12502,E_Agi_Dish10_,E Agi Dish10,,,,,,e,html_block,,,,,
12524,E_Aspersio_5_Scroll,E Aspersio 5 Scroll,,,,,,e,html_block,,,,,
12525,E_Assumptio_5_Scroll,E Assumptio 5 Scroll,,,,,,e,html_block,,,,,
12520,E_B_Def_Potion,E B Def Potion,,,,,,e,html_block,,,,,
12518,E_B_Mdef_Potion,E B Mdef Potion,,,,,,e,html_block,,,,,
12495,E_Battle_Manual,E Battle Manual,,,,,,e,html_block,,,,,
12522,E_Blessing_10_Scroll,E Blessing 10 Scroll,,,,,,e,html_block,,,,,
12497,E_Bubble_Gum,E Bubble Gum,,,,,,e,html_block,,,,,
6310,E_Cloth_Dye_Coupon,E Cloth Dye Coupon,,,,,,e,html_block,,,,,
6318,E_Cloth_Dye_Coupon2,E Cloth Dye Coupon2,,,,,,e,html_block,,,,,
12458,F_Abrasive,"Home Join Now Forum Renewal Item Monster Skill Low Rate Mid Rate High Rate Super High Rate New Servers List All Search Item Search Equipments - Weapons - Daggers - 1-handed Swords - 2-handed Swords - 1-handed Spears - 2-handed Spears - 1-handed Axes - 2-handed Axes - Maces - 1-handed Staffs - 2-handed Staffs - Bows - Knuckles - Musical Instruments - Whips - Books - Katars - Fuuma Shurikens - Guns » - Revolvers - Rifles - Gatling Guns - Shotguns - Grenade Launchers - Armors - Armors - Shields - Garments - Footgears - Accessories - Headgears » - Upper Head - Middle Head - Lower Head - Upper & Middle - Middle & Lower - Upper & Lower - U, M & L - Costume Headgears - Cards - On Headgear - On Armor - On Weapon - On Shield - On Garment - On Footgear - On Accessory - Ammunitions - Arrows - Bullets - Grenades - Shurikens - Kunais - Cannon Balls - Throw Weapons - Throwing Daggers Other Items - Healing Item - Usable Item - Monster Egg - Pet Armor - Taming Item - Delayed-Consumable - Cash Shop Item - Miscellaneous Monster Search Re-Item Search Re-Equipments - Weapons - Daggers - 1-handed Swords - 2-handed Swords - 1-handed Spears - 2-handed Spears - 1-handed Axes - 2-handed Axes - Maces - 1-handed Staffs - 2-handed Staffs - Bows - Knuckles - Musical Instruments - Whips - Books - Katars - Fuuma Shurikens - Guns » - Revolvers - Rifles - Gatling Guns - Shotguns - Grenade Launchers - Armors - Armors - Shields - Garments - Footgears - Accessories - Headgears » - Upper Head - Middle Head - Lower Head - Upper & Middle - Middle & Lower - Upper & Lower - U, M & L - Cards - On Headgear - On Armor - On Weapon - On Shield - On Garment - On Footgear - On Accessory - Ammunitions - Arrows - Bullets - Grenades - Shurikens - Kunais - Cannon Balls - Throw Weapons - Throwing Daggers - Shadow Gears - Weapons - Armors - Shields - Footgears - Earring - Pendant - Costumes - Garments - Headgears » - Upper Head - Middle Head - Lower Head - Upper & Middle - Middle & Lower - Upper & Lower - U, M & L Other Re-Items - Healing Item - Usable Item - Monster Egg - Pet Armor - Taming Item - Delayed-Consumable - Cash Shop Item - Miscellaneous Re-Monster Search Skill Database Quest Database RO Writings Map Database Creation Database Misc Database NPC Search Shop Search Skill Simulator Char Simulator Calculators Rate Settings Graphic Settings Advertise on RMS Site Map Affiliate Links » rAthena .:Item Database:. Items Listed From A-Zabcdefghijklmnopqrstuvwxyz Item Drop Rate: 1x Show iRO Classic Description? Hide items not dropped by monster? F Abrasive",An abrasive that adds sharpness to a weapon.Increases Critical Rate by 30Duration : 5 Minutes.,"{},{},{}",No Result,Usable Item,ic Description?,f,html_block,,Every Job,,,
12471,F_Adrenaline_Scroll,F Adrenaline Scroll,,,,,,f,html_block,,,,,
12446,F_Agi_Dish10_,F Agi Dish10,,,,,,f,html_block,,,,,
12468,F_Aspersio_5_Scroll,F Aspersio 5 Scroll,,,,,,f,html_block,,,,,
12464,F_B_Def_Potion,F B Def Potion,,,,,,f,html_block,,,,,
12462,F_B_Mdef_Potion,F B Mdef Potion,,,,,,f,html_block,,,,,
12439,F_Battle_Manual,F Battle Manual,,,,,,f,html_block,,,,,
12466,F_Blessing_10_Scroll,F Blessing 10 Scroll,,,,,,f,html_block,,,,,
12441,F_Bubble_Gum,F Bubble Gum,,,,,,f,html_block,,,,,
6287,F_Clothing_Dye_Coupon,F Clothing Dye Coupon,,,,,,f,html_block,,,,,
6295,F_Clothing_Dye_Coupon2,F Clothing Dye Coupon2,,,,,,f,html_block,,,,,
12472,F_Convex_Mirror,F Convex Mirror,,,,,,f,html_block,,,,,
1474,Gae_Bolg,"Home Join Now Forum Renewal Item Monster Skill Low Rate Mid Rate High Rate Super High Rate New Servers List All Search Item Search Equipments - Weapons - Daggers - 1-handed Swords - 2-handed Swords - 1-handed Spears - 2-handed Spears - 1-handed Axes - 2-handed Axes - Maces - 1-handed Staffs - 2-handed Staffs - Bows - Knuckles - Musical Instruments - Whips - Books - Katars - Fuuma Shurikens - Guns » - Revolvers - Rifles - Gatling Guns - Shotguns - Grenade Launchers - Armors - Armors - Shields - Garments - Footgears - Accessories - Headgears » - Upper Head - Middle Head - Lower Head - Upper & Middle - Middle & Lower - Upper & Lower - U, M & L - Costume Headgears - Cards - On Headgear - On Armor - On Weapon - On Shield - On Garment - On Footgear - On Accessory - Ammunitions - Arrows - Bullets - Grenades - Shurikens - Kunais - Cannon Balls - Throw Weapons - Throwing Daggers Other Items - Healing Item - Usable Item - Monster Egg - Pet Armor - Taming Item - Delayed-Consumable - Cash Shop Item - Miscellaneous Monster Search Re-Item Search Re-Equipments - Weapons - Daggers - 1-handed Swords - 2-handed Swords - 1-handed Spears - 2-handed Spears - 1-handed Axes - 2-handed Axes - Maces - 1-handed Staffs - 2-handed Staffs - Bows - Knuckles - Musical Instruments - Whips - Books - Katars - Fuuma Shurikens - Guns » - Revolvers - Rifles - Gatling Guns - Shotguns - Grenade Launchers - Armors - Armors - Shields - Garments - Footgears - Accessories - Headgears » - Upper Head - Middle Head - Lower Head - Upper & Middle - Middle & Lower - Upper & Lower - U, M & L - Cards - On Headgear - On Armor - On Weapon - On Shield - On Garment - On Footgear - On Accessory - Ammunitions - Arrows - Bullets - Grenades - Shurikens - Kunais - Cannon Balls - Throw Weapons - Throwing Daggers - Shadow Gears - Weapons - Armors - Shields - Footgears - Earring - Pendant - Costumes - Garments - Headgears » - Upper Head - Middle Head - Lower Head - Upper & Middle - Middle & Lower - Upper & Lower - U, M & L Other Re-Items - Healing Item - Usable Item - Monster Egg - Pet Armor - Taming Item - Delayed-Consumable - Cash Shop Item - Miscellaneous Re-Monster Search Skill Database Quest Database RO Writings Map Database Creation Database Misc Database NPC Search Shop Search Skill Simulator Char Simulator Calculators Rate Settings Graphic Settings Advertise on RMS Site Map Affiliate Links » rAthena .:Item Database:. Items Listed From A-Zabcdefghijklmnopqrstuvwxyz Item Drop Rate: 1x Show iRO Classic Description? Hide items not dropped by monster? Gae Bolg [0]","A spear created from the body of a dead giant sea creature, topped with a jagged blade that leaves deep wounds.Pierces Defense of Dragon monster.10% additional damage on Boss monster.[Gaebolg & Dragon's Breath Equip Set]More Information on Combo:Gae Bolg & Dragon Breath[1]","{ bonus bIgnoreDefRace,RC_Dragon; bonus2 bAddClass,Class_Boss,10; },{},{}",Evil Snake Lord(5%),Weapon,ic Description?,g,html_block,,SwordmanKnightCrusader,Socket Enchantable,,
1480,Gae_Bolg_,Gae Bolg [2],,,,,,g,html_block,,,,,
1143,Gaia_Sword,Gaia Sword [0],,,,,,g,html_block,,,,,
1967,Whip_Of_Earth,Gaia Whip [0],,,,,,g,html_block,,,,,
4151,Gajomart_Card,Gajomart Card,,,,,,g,html_block,,,,,
1714,Kakkung,Gakkung Bow [1],,,,,,g,html_block,,,,,
1716,Kakkung_,Gakkung Bow [2],,,,,,g,html_block,,,,,
5111,Galapago_Cap,Galapago Cap [0],,,,,,g,html_block,,,,,
4152,Galapago_Card,Galapago Card,,,,,,g,html_block,,,,,
12022,Spareribs,Galbi,,,,,,g,html_block,,,,,
4423,Galion_Card,Galion Card,,,,,,g,html_block,,,,,
5144,Gambler_Hat,Gambler Hat [0],,,,,,g,html_block,,,,,
1123,Haedonggum,"Home Join Now Forum Renewal Item Monster Skill Low Rate Mid Rate High Rate Super High Rate New Servers List All Search Item Search Equipments - Weapons - Daggers - 1-handed Swords - 2-handed Swords - 1-handed Spears - 2-handed Spears - 1-handed Axes - 2-handed Axes - Maces - 1-handed Staffs - 2-handed Staffs - Bows - Knuckles - Musical Instruments - Whips - Books - Katars - Fuuma Shurikens - Guns » - Revolvers - Rifles - Gatling Guns - Shotguns - Grenade Launchers - Armors - Armors - Shields - Garments - Footgears - Accessories - Headgears » - Upper Head - Middle Head - Lower Head - Upper & Middle - Middle & Lower - Upper & Lower - U, M & L - Costume Headgears - Cards - On Headgear - On Armor - On Weapon - On Shield - On Garment - On Footgear - On Accessory - Ammunitions - Arrows - Bullets - Grenades - Shurikens - Kunais - Cannon Balls - Throw Weapons - Throwing Daggers Other Items - Healing Item - Usable Item - Monster Egg - Pet Armor - Taming Item - Delayed-Consumable - Cash Shop Item - Miscellaneous Monster Search Re-Item Search Re-Equipments - Weapons - Daggers - 1-handed Swords - 2-handed Swords - 1-handed Spears - 2-handed Spears - 1-handed Axes - 2-handed Axes - Maces - 1-handed Staffs - 2-handed Staffs - Bows - Knuckles - Musical Instruments - Whips - Books - Katars - Fuuma Shurikens - Guns » - Revolvers - Rifles - Gatling Guns - Shotguns - Grenade Launchers - Armors - Armors - Shields - Garments - Footgears - Accessories - Headgears » - Upper Head - Middle Head - Lower Head - Upper & Middle - Middle & Lower - Upper & Lower - U, M & L - Cards - On Headgear - On Armor - On Weapon - On Shield - On Garment - On Footgear - On Accessory - Ammunitions - Arrows - Bullets - Grenades - Shurikens - Kunais - Cannon Balls - Throw Weapons - Throwing Daggers - Shadow Gears - Weapons - Armors - Shields - Footgears - Earring - Pendant - Costumes - Garments - Headgears » - Upper Head - Middle Head - Lower Head - Upper & Middle - Middle & Lower - Upper & Lower - U, M & L Other Re-Items - Healing Item - Usable Item - Monster Egg - Pet Armor - Taming Item - Delayed-Consumable - Cash Shop Item - Miscellaneous Re-Monster Search Skill Database Quest Database RO Writings Map Database Creation Database Misc Database NPC Search Shop Search Skill Simulator Char Simulator Calculators Rate Settings Graphic Settings Advertise on RMS Site Map Affiliate Links » rAthena .:Item Database:. Items Listed From A-Zabcdefghijklmnopqrstuvwxyz Item Drop Rate: 1x Show iRO Classic Description? Hide items not dropped by monster? Haedonggum [1]","An one-handed, ancient Korean sword that is said to have the mysterious power to control minds.INT + 3","{ bonus bInt,3; },{},{}",No Result,Weapon,ic Description?,h,html_block,Old Blue Box,SwordmanMerchantThiefKnightBlacksmithAssassinCrusaderRogueAlchemist,Socket Enchantable,Click here for a list of venders,
1128,Hae_Dong_Gum_,Haedonggum [2],,,,,,h,html_block,,,,,
12733,Runstone_Hagalas,Hagalaz Rune,,,,,,h,html_block,,,,,
7180,Introduction_Of_Mr.Han,Hahn Sukbong's Recommendation,,,,,,h,html_block,,,,,
5176,Hahoe_Mask,Hahoe Mask [0],,,,,,h,html_block,,,,,
2210,Hair_Band,Hair Band [0],,,,,,h,html_block,,,,,
5444,Hair_Brush,Hair Brush [0],,,,,,h,html_block,,,,,
5471,Hairband_Of_Reginleif,Hairband Of Reginleif [0],,,,,,h,html_block,,,,,
10025,Star_Hairband,Hairband Of Stars,,,,,,h,html_block,,,,,
7622,New_Style_Coupon,Hairstyle Coupon,,,,,,h,html_block,,,,,
13014,Hakujin,Hakujin [0],,,,,,h,html_block,,,,,
13015,Hakujin_,Hakujin [1],,,,,,h,html_block,,,,,
5423,Lovecap_China,"Home Join Now Forum Renewal Item Monster Skill Low Rate Mid Rate High Rate Super High Rate New Servers List All Search Item Search Equipments - Weapons - Daggers - 1-handed Swords - 2-handed Swords - 1-handed Spears - 2-handed Spears - 1-handed Axes - 2-handed Axes - Maces - 1-handed Staffs - 2-handed Staffs - Bows - Knuckles - Musical Instruments - Whips - Books - Katars - Fuuma Shurikens - Guns » - Revolvers - Rifles - Gatling Guns - Shotguns - Grenade Launchers - Armors - Armors - Shields - Garments - Footgears - Accessories - Headgears » - Upper Head - Middle Head - Lower Head - Upper & Middle - Middle & Lower - Upper & Lower - U, M & L - Costume Headgears - Cards - On Headgear - On Armor - On Weapon - On Shield - On Garment - On Footgear - On Accessory - Ammunitions - Arrows - Bullets - Grenades - Shurikens - Kunais - Cannon Balls - Throw Weapons - Throwing Daggers Other Items - Healing Item - Usable Item - Monster Egg - Pet Armor - Taming Item - Delayed-Consumable - Cash Shop Item - Miscellaneous Monster Search Re-Item Search Re-Equipments - Weapons - Daggers - 1-handed Swords - 2-handed Swords - 1-handed Spears - 2-handed Spears - 1-handed Axes - 2-handed Axes - Maces - 1-handed Staffs - 2-handed Staffs - Bows - Knuckles - Musical Instruments - Whips - Books - Katars - Fuuma Shurikens - Guns » - Revolvers - Rifles - Gatling Guns - Shotguns - Grenade Launchers - Armors - Armors - Shields - Garments - Footgears - Accessories - Headgears » - Upper Head - Middle Head - Lower Head - Upper & Middle - Middle & Lower - Upper & Lower - U, M & L - Cards - On Headgear - On Armor - On Weapon - On Shield - On Garment - On Footgear - On Accessory - Ammunitions - Arrows - Bullets - Grenades - Shurikens - Kunais - Cannon Balls - Throw Weapons - Throwing Daggers - Shadow Gears - Weapons - Armors - Shields - Footgears - Earring - Pendant - Costumes - Garments - Headgears » - Upper Head - Middle Head - Lower Head - Upper & Middle - Middle & Lower - Upper & Lower - U, M & L Other Re-Items - Healing Item - Usable Item - Monster Egg - Pet Armor - Taming Item - Delayed-Consumable - Cash Shop Item - Miscellaneous Re-Monster Search Skill Database Quest Database RO Writings Map Database Creation Database Misc Database NPC Search Shop Search Skill Simulator Char Simulator Calculators Rate Settings Graphic Settings Advertise on RMS Site Map Affiliate Links » rAthena .:Item Database:. Items Listed From A-Zabcdefghijklmnopqrstuvwxyz Item Drop Rate: 1x Show iRO Classic Description? Hide items not dropped by monster? I Love China [0]",A heart pounding hat that shows the love for China.DEX +3Increase resistance against Demihuman monster by 10%.Unrefineable,"{ bonus bDex,3; bonus2 bSubRace,RC_DemiHuman,10; bonus2 bSubRace,RC_Player_Human,10; },{},{}",No Result,Armor,ic Description?,i,html_block,,Every Job,,,
6206,I_Love_You,I Love You,,,,,,i,html_block,,,,,
14546,Fire_Cracker_Love,I Love You Firecracker,,,,,,i,html_block,,,,,
13804,Fire_Cracker_Love_Box,I Love You Firecracker Box,,,,,,i,html_block,,,,,
6208,I_Respect_You,I Respect You,,,,,,i,html_block,,,,,
2726,Icarus_Wing,Icarus Wings [0],,,,,,i,html_block,,,,,
6513,Charm_Ice,Ice Amulet,,,,,,i,html_block,,,,,
536,Ice_Cream,Ice Cream,,,,,,i,html_block,,,,,
6257,Ice_Crystal,Ice Crystal,,,,,,i,html_block,,,,,
7066,Ice_Piece,Ice Cubic,,,,,,i,html_block,,,,,
1131,Ice_Falchon,Ice Falchion [0],,,,,,i,html_block,,,,,
12374,Flaming_Ice,Ice Fireworks,,,,,,i,html_block,,,,,
2271,Jack_A_Dandy,"Home Join Now Forum Renewal Item Monster Skill Low Rate Mid Rate High Rate Super High Rate New Servers List All Search Item Search Equipments - Weapons - Daggers - 1-handed Swords - 2-handed Swords - 1-handed Spears - 2-handed Spears - 1-handed Axes - 2-handed Axes - Maces - 1-handed Staffs - 2-handed Staffs - Bows - Knuckles - Musical Instruments - Whips - Books - Katars - Fuuma Shurikens - Guns » - Revolvers - Rifles - Gatling Guns - Shotguns - Grenade Launchers - Armors - Armors - Shields - Garments - Footgears - Accessories - Headgears » - Upper Head - Middle Head - Lower Head - Upper & Middle - Middle & Lower - Upper & Lower - U, M & L - Costume Headgears - Cards - On Headgear - On Armor - On Weapon - On Shield - On Garment - On Footgear - On Accessory - Ammunitions - Arrows - Bullets - Grenades - Shurikens - Kunais - Cannon Balls - Throw Weapons - Throwing Daggers Other Items - Healing Item - Usable Item - Monster Egg - Pet Armor - Taming Item - Delayed-Consumable - Cash Shop Item - Miscellaneous Monster Search Re-Item Search Re-Equipments - Weapons - Daggers - 1-handed Swords - 2-handed Swords - 1-handed Spears - 2-handed Spears - 1-handed Axes - 2-handed Axes - Maces - 1-handed Staffs - 2-handed Staffs - Bows - Knuckles - Musical Instruments - Whips - Books - Katars - Fuuma Shurikens - Guns » - Revolvers - Rifles - Gatling Guns - Shotguns - Grenade Launchers - Armors - Armors - Shields - Garments - Footgears - Accessories - Headgears » - Upper Head - Middle Head - Lower Head - Upper & Middle - Middle & Lower - Upper & Lower - U, M & L - Cards - On Headgear - On Armor - On Weapon - On Shield - On Garment - On Footgear - On Accessory - Ammunitions - Arrows - Bullets - Grenades - Shurikens - Kunais - Cannon Balls - Throw Weapons - Throwing Daggers - Shadow Gears - Weapons - Armors - Shields - Footgears - Earring - Pendant - Costumes - Garments - Headgears » - Upper Head - Middle Head - Lower Head - Upper & Middle - Middle & Lower - Upper & Lower - U, M & L Other Re-Items - Healing Item - Usable Item - Monster Egg - Pet Armor - Taming Item - Delayed-Consumable - Cash Shop Item - Miscellaneous Re-Monster Search Skill Database Quest Database RO Writings Map Database Creation Database Misc Database NPC Search Shop Search Skill Simulator Char Simulator Calculators Rate Settings Graphic Settings Advertise on RMS Site Map Affiliate Links » rAthena .:Item Database:. Items Listed From A-Zabcdefghijklmnopqrstuvwxyz Item Drop Rate: 1x Show iRO Classic Description? Hide items not dropped by monster? Jack be Dandy [0]","A pair of glasses that are worn on the head for a more charming appearance, instead of vision related purposes.","{},{},{}",No Result,Armor,ic Description?,j,html_block,"Old Blue Box,Old Violet Box",Every Job except Novice,,,"Bao Bao, Cresent Hairpin, Fashionable Glasses & Heart Hairpin"
1062,Pumpkin_Head,Jack o' Pumpkin,,,,,,j,html_block,,,,,
2303,Leather_Jacket,Jacket [0],,,,,,j,html_block,,,,,
2304,Leather_Jacket_,Jacket [1],,,,,,j,html_block,,,,,
7884,Jade_Plate,Jade Plate,,,,,,j,html_block,,,,,
10029,Jade_Trinket,Jade Trinket,,,,,,j,html_block,,,,,
5539,Jaguar_Hat,Jaguar Hat [1],,,,,,j,html_block,,,,,
4109,Jakk_Card,Jakk Card,,,,,,j,html_block,,,,,
592,Jam_Pancake,Jam Pancake,,,,,,j,html_block,,,,,
1254,Jamadhar,Jamadhar [0],,,,,,j,html_block,,,,,
1286,Jamadhar_C,Jamadhar [0],,,,,,j,html_block,,,,,
1255,Jamadhar_,Jamadhar [1],,,,,,j,html_block,,,,,
7501,Kyll_Hire_Letter2,"Home Join Now Forum Renewal Item Monster Skill Low Rate Mid Rate High Rate Super High Rate New Servers List All Search Item Search Equipments - Weapons - Daggers - 1-handed Swords - 2-handed Swords - 1-handed Spears - 2-handed Spears - 1-handed Axes - 2-handed Axes - Maces - 1-handed Staffs - 2-handed Staffs - Bows - Knuckles - Musical Instruments - Whips - Books - Katars - Fuuma Shurikens - Guns » - Revolvers - Rifles - Gatling Guns - Shotguns - Grenade Launchers - Armors - Armors - Shields - Garments - Footgears - Accessories - Headgears » - Upper Head - Middle Head - Lower Head - Upper & Middle - Middle & Lower - Upper & Lower - U, M & L - Costume Headgears - Cards - On Headgear - On Armor - On Weapon - On Shield - On Garment - On Footgear - On Accessory - Ammunitions - Arrows - Bullets - Grenades - Shurikens - Kunais - Cannon Balls - Throw Weapons - Throwing Daggers Other Items - Healing Item - Usable Item - Monster Egg - Pet Armor - Taming Item - Delayed-Consumable - Cash Shop Item - Miscellaneous Monster Search Re-Item Search Re-Equipments - Weapons - Daggers - 1-handed Swords - 2-handed Swords - 1-handed Spears - 2-handed Spears - 1-handed Axes - 2-handed Axes - Maces - 1-handed Staffs - 2-handed Staffs - Bows - Knuckles - Musical Instruments - Whips - Books - Katars - Fuuma Shurikens - Guns » - Revolvers - Rifles - Gatling Guns - Shotguns - Grenade Launchers - Armors - Armors - Shields - Garments - Footgears - Accessories - Headgears » - Upper Head - Middle Head - Lower Head - Upper & Middle - Middle & Lower - Upper & Lower - U, M & L - Cards - On Headgear - On Armor - On Weapon - On Shield - On Garment - On Footgear - On Accessory - Ammunitions - Arrows - Bullets - Grenades - Shurikens - Kunais - Cannon Balls - Throw Weapons - Throwing Daggers - Shadow Gears - Weapons - Armors - Shields - Footgears - Earring - Pendant - Costumes - Garments - Headgears » - Upper Head - Middle Head - Lower Head - Upper & Middle - Middle & Lower - Upper & Lower - U, M & L Other Re-Items - Healing Item - Usable Item - Monster Egg - Pet Armor - Taming Item - Delayed-Consumable - Cash Shop Item - Miscellaneous Re-Monster Search Skill Database Quest Database RO Writings Map Database Creation Database Misc Database NPC Search Shop Search Skill Simulator Char Simulator Calculators Rate Settings Graphic Settings Advertise on RMS Site Map Affiliate Links » rAthena .:Item Database:. Items Listed From A-Zabcdefghijklmnopqrstuvwxyz Item Drop Rate: 1x Show iRO Classic Description? Hide items not dropped by monster? K.H's Letter","A letter written by a man with the initials K.H., for a woman named Allysia.""Please don't believe in James, I'm sure he is lying. I am the one that really loves you.I may be poor now, but once I succeed in this reseach, I can become even richer than him!I beg you, come and see me tonight where we first met. I'll be waiting for you.--K.H. August 19""","{},{},{}",No Result,Miscellaneous,ic Description?,k,html_block,,,,,
5143,Kabuki_Mask,Kabuki Mask [1],,,,,,k,html_block,,,,,
5020,Kafra_Band,Kafra Band [0],,,,,,k,html_block,,,,,
12211,Kafra_Card,Kafra Card,,,,,,k,html_block,,,,,
13602,Kafra_Card_Box30,Kafra Card 30 Box,,,,,,k,html_block,,,,,
14211,F_Kafra_Card_Box30,Kafra Card 30 Box,,,,,,k,html_block,,,,,
13603,Kafra_Card_Box50,Kafra Card 50 Box,,,,,,k,html_block,,,,,
14212,F_Kafra_Card_Box50,Kafra Card 50 Box,,,,,,k,html_block,,,,,
12909,Kafra_Card_Box,Kafra Card Box,,,,,,k,html_block,,,,,
14165,F_Kafra_Card_Box,Kafra Card Box,,,,,,k,html_block,,,,,
12925,Pet_Egg_Scroll1,Kafra Item Mall Prize Package,,,,,,k,html_block,,,,,
11003,Legend_Of_Kafra01,Kafra Legend Vol.1,,,,,,k,html_block,,,,,
1646,La'cryma_Stick,"Home Join Now Forum Renewal Item Monster Skill Low Rate Mid Rate High Rate Super High Rate New Servers List All Search Item Search Equipments - Weapons - Daggers - 1-handed Swords - 2-handed Swords - 1-handed Spears - 2-handed Spears - 1-handed Axes - 2-handed Axes - Maces - 1-handed Staffs - 2-handed Staffs - Bows - Knuckles - Musical Instruments - Whips - Books - Katars - Fuuma Shurikens - Guns » - Revolvers - Rifles - Gatling Guns - Shotguns - Grenade Launchers - Armors - Armors - Shields - Garments - Footgears - Accessories - Headgears » - Upper Head - Middle Head - Lower Head - Upper & Middle - Middle & Lower - Upper & Lower - U, M & L - Costume Headgears - Cards - On Headgear - On Armor - On Weapon - On Shield - On Garment - On Footgear - On Accessory - Ammunitions - Arrows - Bullets - Grenades - Shurikens - Kunais - Cannon Balls - Throw Weapons - Throwing Daggers Other Items - Healing Item - Usable Item - Monster Egg - Pet Armor - Taming Item - Delayed-Consumable - Cash Shop Item - Miscellaneous Monster Search Re-Item Search Re-Equipments - Weapons - Daggers - 1-handed Swords - 2-handed Swords - 1-handed Spears - 2-handed Spears - 1-handed Axes - 2-handed Axes - Maces - 1-handed Staffs - 2-handed Staffs - Bows - Knuckles - Musical Instruments - Whips - Books - Katars - Fuuma Shurikens - Guns » - Revolvers - Rifles - Gatling Guns - Shotguns - Grenade Launchers - Armors - Armors - Shields - Garments - Footgears - Accessories - Headgears » - Upper Head - Middle Head - Lower Head - Upper & Middle - Middle & Lower - Upper & Lower - U, M & L - Cards - On Headgear - On Armor - On Weapon - On Shield - On Garment - On Footgear - On Accessory - Ammunitions - Arrows - Bullets - Grenades - Shurikens - Kunais - Cannon Balls - Throw Weapons - Throwing Daggers - Shadow Gears - Weapons - Armors - Shields - Footgears - Earring - Pendant - Costumes - Garments - Headgears » - Upper Head - Middle Head - Lower Head - Upper & Middle - Middle & Lower - Upper & Lower - U, M & L Other Re-Items - Healing Item - Usable Item - Monster Egg - Pet Armor - Taming Item - Delayed-Consumable - Cash Shop Item - Miscellaneous Re-Monster Search Skill Database Quest Database RO Writings Map Database Creation Database Misc Database NPC Search Shop Search Skill Simulator Char Simulator Calculators Rate Settings Graphic Settings Advertise on RMS Site Map Affiliate Links » rAthena .:Item Database:. Items Listed From A-Zabcdefghijklmnopqrstuvwxyz Item Drop Rate: 1x Show iRO Classic Description? Hide items not dropped by monster? La'cryma Stick [2]","Decorated with animal tails, it symbolizes a staff frequently used by a great magician.Strengthens the ice element magic, Storm Gust.MATK + 15%, INT + 4Each refine increases MDEF + 1 and damage withStorm Gustby 1%.If refined to + 10, reduceStorm Gustcast time by 8%.""Each refine increases MDEF + 1"" effect may not be reflected in item script implementation.","{ bonus bInt,4; bonus bMatkRate,15; .@r = getrefine(); bonus bMdef,.@r; bonus2 bSkillAtk,""WZ_STORMGUST"",.@r; if (.@r>9) bonus2 bCastrate,""WZ_STORMGUST"",-8; },{},{}",Katrinn / Kathryne Keyron(0.01%),Weapon,ic Description?,l,html_block,,High MageHigh WizardProfessor,,,
2657,Lab_Passport,Laboratory Permit [0],,,,,,l,html_block,,,,,
4394,Solace_Card,Lady Solace Card,,,,,,l,html_block,,,,,
4376,Lady_Tanee_Card,Lady Tanee Card,,,,,,l,html_block,,,,,
7191,Lamplight,Lamp,,,,,,l,html_block,,,,,
1410,Lance,Lance [0],,,,,,l,html_block,,,,,
1411,Lance_,Lance [0],,,,,,l,html_block,,,,,
1412,Lance__,Lance [0],,,,,,l,html_block,,,,,
1487,Lance_C,Lance [0],,,,,,l,html_block,,,,,
7747,Langka,Langka,,,,,,l,html_block,,,,,
1041,Lantern,Lantern,,,,,,l,html_block,,,,,
2666,Lamp_Of_Hope,Lantern of Hope [0],,,,,,l,html_block,,,,,
11529,MAAMOUL_,"Home Join Now Forum Renewal Item Monster Skill Low Rate Mid Rate High Rate Super High Rate New Servers List All Search Item Search Equipments - Weapons - Daggers - 1-handed Swords - 2-handed Swords - 1-handed Spears - 2-handed Spears - 1-handed Axes - 2-handed Axes - Maces - 1-handed Staffs - 2-handed Staffs - Bows - Knuckles - Musical Instruments - Whips - Books - Katars - Fuuma Shurikens - Guns » - Revolvers - Rifles - Gatling Guns - Shotguns - Grenade Launchers - Armors - Armors - Shields - Garments - Footgears - Accessories - Headgears » - Upper Head - Middle Head - Lower Head - Upper & Middle - Middle & Lower - Upper & Lower - U, M & L - Costume Headgears - Cards - On Headgear - On Armor - On Weapon - On Shield - On Garment - On Footgear - On Accessory - Ammunitions - Arrows - Bullets - Grenades - Shurikens - Kunais - Cannon Balls - Throw Weapons - Throwing Daggers Other Items - Healing Item - Usable Item - Monster Egg - Pet Armor - Taming Item - Delayed-Consumable - Cash Shop Item - Miscellaneous Monster Search Re-Item Search Re-Equipments - Weapons - Daggers - 1-handed Swords - 2-handed Swords - 1-handed Spears - 2-handed Spears - 1-handed Axes - 2-handed Axes - Maces - 1-handed Staffs - 2-handed Staffs - Bows - Knuckles - Musical Instruments - Whips - Books - Katars - Fuuma Shurikens - Guns » - Revolvers - Rifles - Gatling Guns - Shotguns - Grenade Launchers - Armors - Armors - Shields - Garments - Footgears - Accessories - Headgears » - Upper Head - Middle Head - Lower Head - Upper & Middle - Middle & Lower - Upper & Lower - U, M & L - Cards - On Headgear - On Armor - On Weapon - On Shield - On Garment - On Footgear - On Accessory - Ammunitions - Arrows - Bullets - Grenades - Shurikens - Kunais - Cannon Balls - Throw Weapons - Throwing Daggers - Shadow Gears - Weapons - Armors - Shields - Footgears - Earring - Pendant - Costumes - Garments - Headgears » - Upper Head - Middle Head - Lower Head - Upper & Middle - Middle & Lower - Upper & Lower - U, M & L Other Re-Items - Healing Item - Usable Item - Monster Egg - Pet Armor - Taming Item - Delayed-Consumable - Cash Shop Item - Miscellaneous Re-Monster Search Skill Database Quest Database RO Writings Map Database Creation Database Misc Database NPC Search Shop Search Skill Simulator Char Simulator Calculators Rate Settings Graphic Settings Advertise on RMS Site Map Affiliate Links » rAthena .:Item Database:. Items Listed From A-Zabcdefghijklmnopqrstuvwxyz Item Drop Rate: 1x Show iRO Classic Description? Hide items not dropped by monster? Maamoul",Not Available[iRO Description]Not Available,"{ itemheal 120,60; },{},{}",No Result,Healing Item,ic Description?,m,html_block,,,,,
7750,Macapuno,Macapuno,,,,,,m,html_block,,,,,
1506,Mace__,Mace [0],,,,,,m,html_block,,,,,
1504,Mace,Mace [3],,,,,,m,html_block,,,,,
1505,Mace_,Mace [4],,,,,,m,html_block,,,,,
1547,Mace_Of_Madness,Mace Of Madness [0],,,,,,m,html_block,,,,,
5006,Machoman_Glasses,Machoman's Glasses [0],,,,,,m,html_block,,,,,
4395,Tha_Maero_Card,Maero of Thanatos Card,,,,,,m,html_block,,,,,
11037,Mage_Book_Basic,Mage Book Basic,,,,,,m,html_block,,,,,
11039,Mage_Book_Misc,Mage Book Misc,,,,,,m,html_block,,,,,
11038,Mage_Book_Practice,Mage Book Practice,,,,,,m,html_block,,,,,
13871,Magician_Card_Box,Mage Card Box,,,,,,m,html_block,,,,,
1130,Nagan,"Home Join Now Forum Renewal Item Monster Skill Low Rate Mid Rate High Rate Super High Rate New Servers List All Search Item Search Equipments - Weapons - Daggers - 1-handed Swords - 2-handed Swords - 1-handed Spears - 2-handed Spears - 1-handed Axes - 2-handed Axes - Maces - 1-handed Staffs - 2-handed Staffs - Bows - Knuckles - Musical Instruments - Whips - Books - Katars - Fuuma Shurikens - Guns » - Revolvers - Rifles - Gatling Guns - Shotguns - Grenade Launchers - Armors - Armors - Shields - Garments - Footgears - Accessories - Headgears » - Upper Head - Middle Head - Lower Head - Upper & Middle - Middle & Lower - Upper & Lower - U, M & L - Costume Headgears - Cards - On Headgear - On Armor - On Weapon - On Shield - On Garment - On Footgear - On Accessory - Ammunitions - Arrows - Bullets - Grenades - Shurikens - Kunais - Cannon Balls - Throw Weapons - Throwing Daggers Other Items - Healing Item - Usable Item - Monster Egg - Pet Armor - Taming Item - Delayed-Consumable - Cash Shop Item - Miscellaneous Monster Search Re-Item Search Re-Equipments - Weapons - Daggers - 1-handed Swords - 2-handed Swords - 1-handed Spears - 2-handed Spears - 1-handed Axes - 2-handed Axes - Maces - 1-handed Staffs - 2-handed Staffs - Bows - Knuckles - Musical Instruments - Whips - Books - Katars - Fuuma Shurikens - Guns » - Revolvers - Rifles - Gatling Guns - Shotguns - Grenade Launchers - Armors - Armors - Shields - Garments - Footgears - Accessories - Headgears » - Upper Head - Middle Head - Lower Head - Upper & Middle - Middle & Lower - Upper & Lower - U, M & L - Cards - On Headgear - On Armor - On Weapon - On Shield - On Garment - On Footgear - On Accessory - Ammunitions - Arrows - Bullets - Grenades - Shurikens - Kunais - Cannon Balls - Throw Weapons - Throwing Daggers - Shadow Gears - Weapons - Armors - Shields - Footgears - Earring - Pendant - Costumes - Garments - Headgears » - Upper Head - Middle Head - Lower Head - Upper & Middle - Middle & Lower - Upper & Lower - U, M & L Other Re-Items - Healing Item - Usable Item - Monster Egg - Pet Armor - Taming Item - Delayed-Consumable - Cash Shop Item - Miscellaneous Re-Monster Search Skill Database Quest Database RO Writings Map Database Creation Database Misc Database NPC Search Shop Search Skill Simulator Char Simulator Calculators Rate Settings Graphic Settings Advertise on RMS Site Map Affiliate Links » rAthena .:Item Database:. Items Listed From A-Zabcdefghijklmnopqrstuvwxyz Item Drop Rate: 1x Show iRO Classic Description? Hide items not dropped by monster? Nagan [0]",An one-handed sword topped with several extra edges for making wounds deeper and more unsightly.Increases damage against DemiHuman monster by 5%Enables use ofLevel 5 Double Attack.,"{ skill ""TF_DOUBLE"",5; bonus2 bAddRace,RC_DemiHuman,5; bonus2 bAddRace,RC_Player_Human,5; },{},{}",Ygnizem / Egnigem Cenia(10%),Weapon,ic Description?,n,html_block,,SwordmanMerchantThiefKnightBlacksmithAssassinCrusaderRogueAlchemist,,,
12725,Runstone_Nosiege,Nauthiz Rune,,,,,,n,html_block,,,,,
2736,Navel_Ring,Navel Ring [0],,,,,,n,html_block,,,,,
5773,Navy_Beret,Navy Beret [0],,,,,,n,html_block,,,,,
6038,Neat_Report,Neat Report,,,,,,n,html_block,,,,,
557,Hash_Rice_Cake,Neatly Sliced Rice Cake,,,,,,n,html_block,,,,,
7607,Evil_Dragon_Head,Neck of Demon Dragon,,,,,,n,html_block,,,,,
2603,Necklace,Necklace [0],,,,,,n,html_block,,,,,
2691,Necklace_C,Necklace [0],,,,,,n,html_block,,,,,
2623,Necklace_,Necklace [1],,,,,,n,html_block,,,,,
12956,Necklace_Box,Necklace Box,,,,,,n,html_block,,,,,
14135,F_Necklace_Box,Necklace Box,,,,,,n,html_block,,,,,
7972,Oath_Day_Letter,"Home Join Now Forum Renewal Item Monster Skill Low Rate Mid Rate High Rate Super High Rate New Servers List All Search Item Search Equipments - Weapons - Daggers - 1-handed Swords - 2-handed Swords - 1-handed Spears - 2-handed Spears - 1-handed Axes - 2-handed Axes - Maces - 1-handed Staffs - 2-handed Staffs - Bows - Knuckles - Musical Instruments - Whips - Books - Katars - Fuuma Shurikens - Guns » - Revolvers - Rifles - Gatling Guns - Shotguns - Grenade Launchers - Armors - Armors - Shields - Garments - Footgears - Accessories - Headgears » - Upper Head - Middle Head - Lower Head - Upper & Middle - Middle & Lower - Upper & Lower - U, M & L - Costume Headgears - Cards - On Headgear - On Armor - On Weapon - On Shield - On Garment - On Footgear - On Accessory - Ammunitions - Arrows - Bullets - Grenades - Shurikens - Kunais - Cannon Balls - Throw Weapons - Throwing Daggers Other Items - Healing Item - Usable Item - Monster Egg - Pet Armor - Taming Item - Delayed-Consumable - Cash Shop Item - Miscellaneous Monster Search Re-Item Search Re-Equipments - Weapons - Daggers - 1-handed Swords - 2-handed Swords - 1-handed Spears - 2-handed Spears - 1-handed Axes - 2-handed Axes - Maces - 1-handed Staffs - 2-handed Staffs - Bows - Knuckles - Musical Instruments - Whips - Books - Katars - Fuuma Shurikens - Guns » - Revolvers - Rifles - Gatling Guns - Shotguns - Grenade Launchers - Armors - Armors - Shields - Garments - Footgears - Accessories - Headgears » - Upper Head - Middle Head - Lower Head - Upper & Middle - Middle & Lower - Upper & Lower - U, M & L - Cards - On Headgear - On Armor - On Weapon - On Shield - On Garment - On Footgear - On Accessory - Ammunitions - Arrows - Bullets - Grenades - Shurikens - Kunais - Cannon Balls - Throw Weapons - Throwing Daggers - Shadow Gears - Weapons - Armors - Shields - Footgears - Earring - Pendant - Costumes - Garments - Headgears » - Upper Head - Middle Head - Lower Head - Upper & Middle - Middle & Lower - Upper & Lower - U, M & L Other Re-Items - Healing Item - Usable Item - Monster Egg - Pet Armor - Taming Item - Delayed-Consumable - Cash Shop Item - Miscellaneous Re-Monster Search Skill Database Quest Database RO Writings Map Database Creation Database Misc Database NPC Search Shop Search Skill Simulator Char Simulator Calculators Rate Settings Graphic Settings Advertise on RMS Site Map Affiliate Links » rAthena .:Item Database:. Items Listed From A-Zabcdefghijklmnopqrstuvwxyz Item Drop Rate: 1x Show iRO Classic Description? Hide items not dropped by monster? Oath Day Letter","""Kami putra dan putri Indonesia mengaku.bertanah air satu, tanah air Indonesia.Kami putra dan putri Indonesia mengaku.berbangsa satu, bangsa Indonesia. Kami putra dan putri Indonesia mengaku.berbahasa satu, bahasa Indonesia""...","{},{},{}",No Result,Miscellaneous,ic Description?,o,html_block,,,,,
4093,Obeaune_Card,Obeaune Card,,,,,,o,html_block,,,,,
12719,Poison_Oblivion,Oblivion Curse,,,,,,o,html_block,,,,,
5315,Observer,Observer [0],,,,,,o,html_block,,,,,
4338,Obsidian_Card,Obsidian Card,,,,,,o,html_block,,,,,
1248,Obsidian_Dagger,Obsidian Dagger [0],,,,,,o,html_block,,,,,
2639,Purification_Sachet,Occult Incense [0],,,,,,o,html_block,,,,,
5807,October_Fest_Cap,October Fest Cap [0],,,,,,o,html_block,,,,,
5554,Octopus_Hat,Octopus Hat [0],,,,,,o,html_block,,,,,
5483,Odin_Mask,Odin Mask [0],,,,,,o,html_block,,,,,
15001,Odin's_Blessing_I,Odin's Blessing [0],,,,,,o,html_block,,,,,
2353,Odin's_Blessing,Odin's Blessing [1],,,,,,o,html_block,,,,,
10004,Pacifier,"Home Join Now Forum Renewal Item Monster Skill Low Rate Mid Rate High Rate Super High Rate New Servers List All Search Item Search Equipments - Weapons - Daggers - 1-handed Swords - 2-handed Swords - 1-handed Spears - 2-handed Spears - 1-handed Axes - 2-handed Axes - Maces - 1-handed Staffs - 2-handed Staffs - Bows - Knuckles - Musical Instruments - Whips - Books - Katars - Fuuma Shurikens - Guns » - Revolvers - Rifles - Gatling Guns - Shotguns - Grenade Launchers - Armors - Armors - Shields - Garments - Footgears - Accessories - Headgears » - Upper Head - Middle Head - Lower Head - Upper & Middle - Middle & Lower - Upper & Lower - U, M & L - Costume Headgears - Cards - On Headgear - On Armor - On Weapon - On Shield - On Garment - On Footgear - On Accessory - Ammunitions - Arrows - Bullets - Grenades - Shurikens - Kunais - Cannon Balls - Throw Weapons - Throwing Daggers Other Items - Healing Item - Usable Item - Monster Egg - Pet Armor - Taming Item - Delayed-Consumable - Cash Shop Item - Miscellaneous Monster Search Re-Item Search Re-Equipments - Weapons - Daggers - 1-handed Swords - 2-handed Swords - 1-handed Spears - 2-handed Spears - 1-handed Axes - 2-handed Axes - Maces - 1-handed Staffs - 2-handed Staffs - Bows - Knuckles - Musical Instruments - Whips - Books - Katars - Fuuma Shurikens - Guns » - Revolvers - Rifles - Gatling Guns - Shotguns - Grenade Launchers - Armors - Armors - Shields - Garments - Footgears - Accessories - Headgears » - Upper Head - Middle Head - Lower Head - Upper & Middle - Middle & Lower - Upper & Lower - U, M & L - Cards - On Headgear - On Armor - On Weapon - On Shield - On Garment - On Footgear - On Accessory - Ammunitions - Arrows - Bullets - Grenades - Shurikens - Kunais - Cannon Balls - Throw Weapons - Throwing Daggers - Shadow Gears - Weapons - Armors - Shields - Footgears - Earring - Pendant - Costumes - Garments - Headgears » - Upper Head - Middle Head - Lower Head - Upper & Middle - Middle & Lower - Upper & Lower - U, M & L Other Re-Items - Healing Item - Usable Item - Monster Egg - Pet Armor - Taming Item - Delayed-Consumable - Cash Shop Item - Miscellaneous Re-Monster Search Skill Database Quest Database RO Writings Map Database Creation Database Misc Database NPC Search Shop Search Skill Simulator Char Simulator Calculators Rate Settings Graphic Settings Advertise on RMS Site Map Affiliate Links » rAthena .:Item Database:. Items Listed From A-Zabcdefghijklmnopqrstuvwxyz Item Drop Rate: 1x Show iRO Classic Description? Hide items not dropped by monster? Pacifier","A rubber device that helps babies endure teething, but can also be used to silence noisy Cute Pets.Applicable Pet :Deviruchi","{},{},{}",Punk(1%)Orc Baby(1%),Pet Armor,ic Description?,p,html_block,"Old Blue Box,Old Violet Box",,,,Baby Pacifier
2312,Padded_Armor,Padded Armor [0],,,,,,p,html_block,,,,,
2313,Padded_Armor_,Padded Armor [1],,,,,,p,html_block,,,,,
5263,Ati_Atihan_Hat,Pagdayaw [0],,,,,,p,html_block,,,,,
5299,Ati_Atihan_Hat_,Pagdayaw [1],,,,,,p,html_block,,,,,
6122,Paint_Brush,Paint Brush,,,,,,p,html_block,,,,,
525,Panacea,Panacea,,,,,,p,html_block,,,,,
5030,Panda_Cap,Panda Hat [0],,,,,,p,html_block,,,,,
2339,G_Strings,Pantie [0],,,,,,p,html_block,,,,,
2371,G_Strings_,Pantie [1],,,,,,p,html_block,,,,,
4310,Panzer_Goblin_Card,Panzer Goblin Card,,,,,,p,html_block,,,,,
5225,Marcher_Hat,Parade Hat [1],,,,,,p,html_block,,,,,
1527,Quadrille,"Home Join Now Forum Renewal Item Monster Skill Low Rate Mid Rate High Rate Super High Rate New Servers List All Search Item Search Equipments - Weapons - Daggers - 1-handed Swords - 2-handed Swords - 1-handed Spears - 2-handed Spears - 1-handed Axes - 2-handed Axes - Maces - 1-handed Staffs - 2-handed Staffs - Bows - Knuckles - Musical Instruments - Whips - Books - Katars - Fuuma Shurikens - Guns » - Revolvers - Rifles - Gatling Guns - Shotguns - Grenade Launchers - Armors - Armors - Shields - Garments - Footgears - Accessories - Headgears » - Upper Head - Middle Head - Lower Head - Upper & Middle - Middle & Lower - Upper & Lower - U, M & L - Costume Headgears - Cards - On Headgear - On Armor - On Weapon - On Shield - On Garment - On Footgear - On Accessory - Ammunitions - Arrows - Bullets - Grenades - Shurikens - Kunais - Cannon Balls - Throw Weapons - Throwing Daggers Other Items - Healing Item - Usable Item - Monster Egg - Pet Armor - Taming Item - Delayed-Consumable - Cash Shop Item - Miscellaneous Monster Search Re-Item Search Re-Equipments - Weapons - Daggers - 1-handed Swords - 2-handed Swords - 1-handed Spears - 2-handed Spears - 1-handed Axes - 2-handed Axes - Maces - 1-handed Staffs - 2-handed Staffs - Bows - Knuckles - Musical Instruments - Whips - Books - Katars - Fuuma Shurikens - Guns » - Revolvers - Rifles - Gatling Guns - Shotguns - Grenade Launchers - Armors - Armors - Shields - Garments - Footgears - Accessories - Headgears » - Upper Head - Middle Head - Lower Head - Upper & Middle - Middle & Lower - Upper & Lower - U, M & L - Cards - On Headgear - On Armor - On Weapon - On Shield - On Garment - On Footgear - On Accessory - Ammunitions - Arrows - Bullets - Grenades - Shurikens - Kunais - Cannon Balls - Throw Weapons - Throwing Daggers - Shadow Gears - Weapons - Armors - Shields - Footgears - Earring - Pendant - Costumes - Garments - Headgears » - Upper Head - Middle Head - Lower Head - Upper & Middle - Middle & Lower - Upper & Lower - U, M & L Other Re-Items - Healing Item - Usable Item - Monster Egg - Pet Armor - Taming Item - Delayed-Consumable - Cash Shop Item - Miscellaneous Re-Monster Search Skill Database Quest Database RO Writings Map Database Creation Database Misc Database NPC Search Shop Search Skill Simulator Char Simulator Calculators Rate Settings Graphic Settings Advertise on RMS Site Map Affiliate Links » rAthena .:Item Database:. Items Listed From A-Zabcdefghijklmnopqrstuvwxyz Item Drop Rate: 1x Show iRO Classic Description? Hide items not dropped by monster? Quadrille [0]","A heavy and powerful iron mace with a rounded top.Increases damage against Undead, DemiHuman andEarthProperty by 10%.","{ bonus2 bAddRace,RC_Undead,10; bonus2 bAddRace,RC_DemiHuman,10; bonus2 bAddRace,RC_Player_Human,10; bonus2 bAddEle,Ele_Earth,10; },{},{}",High Priest Magaleta / Margaretha(35%),Weapon,ic Description?,q,html_block,,AcolytePriestMonk,,,
14594,Quagmire_Scroll,Quagmire Scroll,,,,,,q,html_block,,,,,
14224,Quagmire_Scroll_Box,Quagmire Scroll 10 Box,,,,,,q,html_block,,,,,
14277,Quagmire_10_Scroll_Box2,Quagmire Scroll 10 Box,,,,,,q,html_block,,,,,
14225,Quagmire_Scroll_Box30,Quagmire Scroll 30 Box,,,,,,q,html_block,,,,,
14278,Quagmire_30_Scroll_Box2,Quagmire Scroll 30 Box,,,,,,q,html_block,,,,,
14226,Quagmire_Scroll_Box50,Quagmire Scroll 50 Box,,,,,,q,html_block,,,,,
14279,Quagmire_50_Scroll_Box2,Quagmire Scroll 50 Box,,,,,,q,html_block,,,,,
1975,Queen_Is_Whip,Queen Is Whip [0],,,,,,q,html_block,,,,,
6326,Queen_Wing_Piece,Queen Wing Piece,,,,,,q,html_block,,,,,
10032,Queen's_Coronet,Queen's Coronet,,,,,,q,html_block,,,,,
10006,Queen's_Hair_Ornament,Queen's Hair Ornament,,,,,,q,html_block,,,,,
5568,Rabbit_Bonnet,"Home Join Now Forum Renewal Item Monster Skill Low Rate Mid Rate High Rate Super High Rate New Servers List All Search Item Search Equipments - Weapons - Daggers - 1-handed Swords - 2-handed Swords - 1-handed Spears - 2-handed Spears - 1-handed Axes - 2-handed Axes - Maces - 1-handed Staffs - 2-handed Staffs - Bows - Knuckles - Musical Instruments - Whips - Books - Katars - Fuuma Shurikens - Guns » - Revolvers - Rifles - Gatling Guns - Shotguns - Grenade Launchers - Armors - Armors - Shields - Garments - Footgears - Accessories - Headgears » - Upper Head - Middle Head - Lower Head - Upper & Middle - Middle & Lower - Upper & Lower - U, M & L - Costume Headgears - Cards - On Headgear - On Armor - On Weapon - On Shield - On Garment - On Footgear - On Accessory - Ammunitions - Arrows - Bullets - Grenades - Shurikens - Kunais - Cannon Balls - Throw Weapons - Throwing Daggers Other Items - Healing Item - Usable Item - Monster Egg - Pet Armor - Taming Item - Delayed-Consumable - Cash Shop Item - Miscellaneous Monster Search Re-Item Search Re-Equipments - Weapons - Daggers - 1-handed Swords - 2-handed Swords - 1-handed Spears - 2-handed Spears - 1-handed Axes - 2-handed Axes - Maces - 1-handed Staffs - 2-handed Staffs - Bows - Knuckles - Musical Instruments - Whips - Books - Katars - Fuuma Shurikens - Guns » - Revolvers - Rifles - Gatling Guns - Shotguns - Grenade Launchers - Armors - Armors - Shields - Garments - Footgears - Accessories - Headgears » - Upper Head - Middle Head - Lower Head - Upper & Middle - Middle & Lower - Upper & Lower - U, M & L - Cards - On Headgear - On Armor - On Weapon - On Shield - On Garment - On Footgear - On Accessory - Ammunitions - Arrows - Bullets - Grenades - Shurikens - Kunais - Cannon Balls - Throw Weapons - Throwing Daggers - Shadow Gears - Weapons - Armors - Shields - Footgears - Earring - Pendant - Costumes - Garments - Headgears » - Upper Head - Middle Head - Lower Head - Upper & Middle - Middle & Lower - Upper & Lower - U, M & L Other Re-Items - Healing Item - Usable Item - Monster Egg - Pet Armor - Taming Item - Delayed-Consumable - Cash Shop Item - Miscellaneous Re-Monster Search Skill Database Quest Database RO Writings Map Database Creation Database Misc Database NPC Search Shop Search Skill Simulator Char Simulator Calculators Rate Settings Graphic Settings Advertise on RMS Site Map Affiliate Links » rAthena .:Item Database:. Items Listed From A-Zabcdefghijklmnopqrstuvwxyz Item Drop Rate: 1x Show iRO Classic Description? Hide items not dropped by monster? Rabbit Bonnet [1]",A Bonnet looks like a cute rabbit that made by legendary hat maker.It looks so soft and weak but it might have extraordinary things inside of it.INT + 2.(Pre-RE not implemented yet: Reduces after-cast skill delay by 3%.),"{ bonus bInt,2; },{},{}",No Result,Armor,ic Description?,r,html_block,,Every Job,,,
5593,K_Rabbit_Bonnet,Rabbit Bonnet [1],,,,,,r,html_block,,,,,
5520,Rabbit_Earplug,Rabbit Earplugs [1],,,,,,r,html_block,,,,,
754,Raccoondog_Doll,Raccoon Doll,,,,,,r,html_block,,,,,
5033,Smokie_Hat,Raccoon Hat [0],,,,,,r,html_block,,,,,
945,Raccoon_Leaf,Raccoon Leaf,,,,,,r,html_block,,,,,
5333,Radio_Antenna,Radio Antenna [0],,,,,,r,html_block,,,,,
11526,Rafflecino,Rafflecino,,,,,,r,html_block,,,,,
4083,Rafflesia_Card,Rafflesia Card,,,,,,r,html_block,,,,,
2508,Ragamuffin_Cape,Ragamuffin Manteau [0],,,,,,r,html_block,,,,,
4436,Ragged_Zombie_Card,Ragged Zombie Card,,,,,,r,html_block,,,,,
4186,Raggler_Card,Raggler Card,,,,,,r,html_block,,,,,
1365,Sabbath,"Home Join Now Forum Renewal Item Monster Skill Low Rate Mid Rate High Rate Super High Rate New Servers List All Search Item Search Equipments - Weapons - Daggers - 1-handed Swords - 2-handed Swords - 1-handed Spears - 2-handed Spears - 1-handed Axes - 2-handed Axes - Maces - 1-handed Staffs - 2-handed Staffs - Bows - Knuckles - Musical Instruments - Whips - Books - Katars - Fuuma Shurikens - Guns » - Revolvers - Rifles - Gatling Guns - Shotguns - Grenade Launchers - Armors - Armors - Shields - Garments - Footgears - Accessories - Headgears » - Upper Head - Middle Head - Lower Head - Upper & Middle - Middle & Lower - Upper & Lower - U, M & L - Costume Headgears - Cards - On Headgear - On Armor - On Weapon - On Shield - On Garment - On Footgear - On Accessory - Ammunitions - Arrows - Bullets - Grenades - Shurikens - Kunais - Cannon Balls - Throw Weapons - Throwing Daggers Other Items - Healing Item - Usable Item - Monster Egg - Pet Armor - Taming Item - Delayed-Consumable - Cash Shop Item - Miscellaneous Monster Search Re-Item Search Re-Equipments - Weapons - Daggers - 1-handed Swords - 2-handed Swords - 1-handed Spears - 2-handed Spears - 1-handed Axes - 2-handed Axes - Maces - 1-handed Staffs - 2-handed Staffs - Bows - Knuckles - Musical Instruments - Whips - Books - Katars - Fuuma Shurikens - Guns » - Revolvers - Rifles - Gatling Guns - Shotguns - Grenade Launchers - Armors - Armors - Shields - Garments - Footgears - Accessories - Headgears » - Upper Head - Middle Head - Lower Head - Upper & Middle - Middle & Lower - Upper & Lower - U, M & L - Cards - On Headgear - On Armor - On Weapon - On Shield - On Garment - On Footgear - On Accessory - Ammunitions - Arrows - Bullets - Grenades - Shurikens - Kunais - Cannon Balls - Throw Weapons - Throwing Daggers - Shadow Gears - Weapons - Armors - Shields - Footgears - Earring - Pendant - Costumes - Garments - Headgears » - Upper Head - Middle Head - Lower Head - Upper & Middle - Middle & Lower - Upper & Lower - U, M & L Other Re-Items - Healing Item - Usable Item - Monster Egg - Pet Armor - Taming Item - Delayed-Consumable - Cash Shop Item - Miscellaneous Re-Monster Search Skill Database Quest Database RO Writings Map Database Creation Database Misc Database NPC Search Shop Search Skill Simulator Char Simulator Calculators Rate Settings Graphic Settings Advertise on RMS Site Map Affiliate Links » rAthena .:Item Database:. Items Listed From A-Zabcdefghijklmnopqrstuvwxyz Item Drop Rate: 1x Show iRO Classic Description? Hide items not dropped by monster? Sabbath [0]",An axe which is said to eradicate the darkness in mislead hearts and guide them to the afterlife.Increases Critical Attack on Undead monster by 50%.CausesComaeffect on Demon monster by a low chance.,"{ bonus bAtkEle,Ele_Dark; bonus2 bComaRace,RC_Demon,50; bonus2 bCriticalAddRace,RC_Undead,50; },{},{}",Whitesmith Harword / Mastersmith Howard(35%),Weapon,ic Description?,s,html_block,,SwordmanMerchantKnightBlacksmithCrusaderAlchemist,,,
1126,Saber,Saber [2],,,,,,s,html_block,,,,,
1127,Saber_,Saber [3],,,,,,s,html_block,,,,,
7635,Sachet,Sachet,,,,,,s,html_block,,,,,
7885,Sacred_Arrow,Sacred Arrow,,,,,,s,html_block,,,,,
2638,Exorcize_Sachet,Sacred Incense [0],,,,,,s,html_block,,,,,
2111,Herald_Of_GOD,Sacred Mission [0],,,,,,s,html_block,,,,,
2128,Herald_Of_GOD_,Sacred Mission [1],,,,,,s,html_block,,,,,
12928,J_Aspersio_5_Scroll,Sacred Scroll,,,,,,s,html_block,,,,,
2653,Sacrifice_Ring,Sacrifice Ring [0],,,,,,s,html_block,,,,,
2413,Safty_Boots,Safety Boots [0],,,,,,s,html_block,,,,,
5009,Safety_Helmet,Safety Helmet [0],,,,,,s,html_block,,,,,
19505,T_Cigarette,"Home Join Now Forum Renewal Item Monster Skill Low Rate Mid Rate High Rate Super High Rate New Servers List All Search Item Search Equipments - Weapons - Daggers - 1-handed Swords - 2-handed Swords - 1-handed Spears - 2-handed Spears - 1-handed Axes - 2-handed Axes - Maces - 1-handed Staffs - 2-handed Staffs - Bows - Knuckles - Musical Instruments - Whips - Books - Katars - Fuuma Shurikens - Guns » - Revolvers - Rifles - Gatling Guns - Shotguns - Grenade Launchers - Armors - Armors - Shields - Garments - Footgears - Accessories - Headgears » - Upper Head - Middle Head - Lower Head - Upper & Middle - Middle & Lower - Upper & Lower - U, M & L - Costume Headgears - Cards - On Headgear - On Armor - On Weapon - On Shield - On Garment - On Footgear - On Accessory - Ammunitions - Arrows - Bullets - Grenades - Shurikens - Kunais - Cannon Balls - Throw Weapons - Throwing Daggers Other Items - Healing Item - Usable Item - Monster Egg - Pet Armor - Taming Item - Delayed-Consumable - Cash Shop Item - Miscellaneous Monster Search Re-Item Search Re-Equipments - Weapons - Daggers - 1-handed Swords - 2-handed Swords - 1-handed Spears - 2-handed Spears - 1-handed Axes - 2-handed Axes - Maces - 1-handed Staffs - 2-handed Staffs - Bows - Knuckles - Musical Instruments - Whips - Books - Katars - Fuuma Shurikens - Guns » - Revolvers - Rifles - Gatling Guns - Shotguns - Grenade Launchers - Armors - Armors - Shields - Garments - Footgears - Accessories - Headgears » - Upper Head - Middle Head - Lower Head - Upper & Middle - Middle & Lower - Upper & Lower - U, M & L - Cards - On Headgear - On Armor - On Weapon - On Shield - On Garment - On Footgear - On Accessory - Ammunitions - Arrows - Bullets - Grenades - Shurikens - Kunais - Cannon Balls - Throw Weapons - Throwing Daggers - Shadow Gears - Weapons - Armors - Shields - Footgears - Earring - Pendant - Costumes - Garments - Headgears » - Upper Head - Middle Head - Lower Head - Upper & Middle - Middle & Lower - Upper & Lower - U, M & L Other Re-Items - Healing Item - Usable Item - Monster Egg - Pet Armor - Taming Item - Delayed-Consumable - Cash Shop Item - Miscellaneous Re-Monster Search Skill Database Quest Database RO Writings Map Database Creation Database Misc Database NPC Search Shop Search Skill Simulator Char Simulator Calculators Rate Settings Graphic Settings Advertise on RMS Site Map Affiliate Links » rAthena .:Item Database:. Items Listed From A-Zabcdefghijklmnopqrstuvwxyz Item Drop Rate: 1x Show iRO Classic Description? Hide items not dropped by monster? T Cigarette [0]",Not Available[iRO Description]Not Available,"{},{},{}",No Result,Armor,ic Description?,t,html_block,,Every Job,,,
19500,T_Mr_Smile,T Mr Smile [0],,,,,,t,html_block,,,,,
19501,T_Spinx_Helm,T Spinx Helm [1],,,,,,t,html_block,,,,,
19504,T_Sunglasses,T Sunglasses [0],,,,,,t,html_block,,,,,
19506,T_Valkyrie_Feather_Band,T Valkyrie Feather Band [0],,,,,,t,html_block,,,,,
1552,Tablet,Tablet [1],,,,,,t,html_block,,,,,
1181,Tae_Goo_Lyeon,Tae Goo Lyeon [2],,,,,,t,html_block,,,,,
12275,Gold_Pill_2,Taecheongdan,,,,,,t,html_block,,,,,
7010,Tail_Of_Steel_Scorpion,Tail of Steel Scorpion,,,,,,t,html_block,,,,,
1958,Tail,Tail Whip [1],,,,,,t,html_block,,,,,
1959,Tail_,Tail Whip [2],,,,,,t,html_block,,,,,
13965,Tayelin_Doll_Hat_Box,Tailring Doll Hat Box,,,,,,t,html_block,,,,,
7745,Ube_Jam,"Home Join Now Forum Renewal Item Monster Skill Low Rate Mid Rate High Rate Super High Rate New Servers List All Search Item Search Equipments - Weapons - Daggers - 1-handed Swords - 2-handed Swords - 1-handed Spears - 2-handed Spears - 1-handed Axes - 2-handed Axes - Maces - 1-handed Staffs - 2-handed Staffs - Bows - Knuckles - Musical Instruments - Whips - Books - Katars - Fuuma Shurikens - Guns » - Revolvers - Rifles - Gatling Guns - Shotguns - Grenade Launchers - Armors - Armors - Shields - Garments - Footgears - Accessories - Headgears » - Upper Head - Middle Head - Lower Head - Upper & Middle - Middle & Lower - Upper & Lower - U, M & L - Costume Headgears - Cards - On Headgear - On Armor - On Weapon - On Shield - On Garment - On Footgear - On Accessory - Ammunitions - Arrows - Bullets - Grenades - Shurikens - Kunais - Cannon Balls - Throw Weapons - Throwing Daggers Other Items - Healing Item - Usable Item - Monster Egg - Pet Armor - Taming Item - Delayed-Consumable - Cash Shop Item - Miscellaneous Monster Search Re-Item Search Re-Equipments - Weapons - Daggers - 1-handed Swords - 2-handed Swords - 1-handed Spears - 2-handed Spears - 1-handed Axes - 2-handed Axes - Maces - 1-handed Staffs - 2-handed Staffs - Bows - Knuckles - Musical Instruments - Whips - Books - Katars - Fuuma Shurikens - Guns » - Revolvers - Rifles - Gatling Guns - Shotguns - Grenade Launchers - Armors - Armors - Shields - Garments - Footgears - Accessories - Headgears » - Upper Head - Middle Head - Lower Head - Upper & Middle - Middle & Lower - Upper & Lower - U, M & L - Cards - On Headgear - On Armor - On Weapon - On Shield - On Garment - On Footgear - On Accessory - Ammunitions - Arrows - Bullets - Grenades - Shurikens - Kunais - Cannon Balls - Throw Weapons - Throwing Daggers - Shadow Gears - Weapons - Armors - Shields - Footgears - Earring - Pendant - Costumes - Garments - Headgears » - Upper Head - Middle Head - Lower Head - Upper & Middle - Middle & Lower - Upper & Lower - U, M & L Other Re-Items - Healing Item - Usable Item - Monster Egg - Pet Armor - Taming Item - Delayed-Consumable - Cash Shop Item - Miscellaneous Re-Monster Search Skill Database Quest Database RO Writings Map Database Creation Database Misc Database NPC Search Shop Search Skill Simulator Char Simulator Calculators Rate Settings Graphic Settings Advertise on RMS Site Map Affiliate Links » rAthena .:Item Database:. Items Listed From A-Zabcdefghijklmnopqrstuvwxyz Item Drop Rate: 1x Show iRO Classic Description? Hide items not dropped by monster? Ube Jam","A jar of ""Ube"" made from yummy sweet purple yams.","{},{},{}",Marin(0.75%),Miscellaneous,ic Description?,u,html_block,,,,,
2531,Ulfhedinn,Ulfhedinn [1],,,,,,u,html_block,,,,,
5493,Ulle_Cap_I,Ulle's Cap [0],,,,,,u,html_block,,,,,
5123,Ulle_Cap,Ulle's Cap [1],,,,,,u,html_block,,,,,
18505,Umbala_Spirit,Umbala Spirit [1],,,,,,u,html_block,,,,,
5316,Umbrella_Hat,Umbrella Hat [0],,,,,,u,html_block,,,,,
12279,Undead_Element_Scroll,Undead Elemental Scroll,,,,,,u,html_block,,,,,
12405,Underripe_Yggseed,Underripe Yggseed,,,,,,u,html_block,,,,,
2522,Undershirt,Undershirt [0],,,,,,u,html_block,,,,,
2523,Undershirt_,Undershirt [1],,,,,,u,html_block,,,,,
13933,Undine_Box,Undine Box,,,,,,u,html_block,,,,,
4336,Ungoliant_Card,Ungoliant Card,,,,,,u,html_block,,,,,
5287,Vacation_Hat,"Home Join Now Forum Renewal Item Monster Skill Low Rate Mid Rate High Rate Super High Rate New Servers List All Search Item Search Equipments - Weapons - Daggers - 1-handed Swords - 2-handed Swords - 1-handed Spears - 2-handed Spears - 1-handed Axes - 2-handed Axes - Maces - 1-handed Staffs - 2-handed Staffs - Bows - Knuckles - Musical Instruments - Whips - Books - Katars - Fuuma Shurikens - Guns » - Revolvers - Rifles - Gatling Guns - Shotguns - Grenade Launchers - Armors - Armors - Shields - Garments - Footgears - Accessories - Headgears » - Upper Head - Middle Head - Lower Head - Upper & Middle - Middle & Lower - Upper & Lower - U, M & L - Costume Headgears - Cards - On Headgear - On Armor - On Weapon - On Shield - On Garment - On Footgear - On Accessory - Ammunitions - Arrows - Bullets - Grenades - Shurikens - Kunais - Cannon Balls - Throw Weapons - Throwing Daggers Other Items - Healing Item - Usable Item - Monster Egg - Pet Armor - Taming Item - Delayed-Consumable - Cash Shop Item - Miscellaneous Monster Search Re-Item Search Re-Equipments - Weapons - Daggers - 1-handed Swords - 2-handed Swords - 1-handed Spears - 2-handed Spears - 1-handed Axes - 2-handed Axes - Maces - 1-handed Staffs - 2-handed Staffs - Bows - Knuckles - Musical Instruments - Whips - Books - Katars - Fuuma Shurikens - Guns » - Revolvers - Rifles - Gatling Guns - Shotguns - Grenade Launchers - Armors - Armors - Shields - Garments - Footgears - Accessories - Headgears » - Upper Head - Middle Head - Lower Head - Upper & Middle - Middle & Lower - Upper & Lower - U, M & L - Cards - On Headgear - On Armor - On Weapon - On Shield - On Garment - On Footgear - On Accessory - Ammunitions - Arrows - Bullets - Grenades - Shurikens - Kunais - Cannon Balls - Throw Weapons - Throwing Daggers - Shadow Gears - Weapons - Armors - Shields - Footgears - Earring - Pendant - Costumes - Garments - Headgears » - Upper Head - Middle Head - Lower Head - Upper & Middle - Middle & Lower - Upper & Lower - U, M & L Other Re-Items - Healing Item - Usable Item - Monster Egg - Pet Armor - Taming Item - Delayed-Consumable - Cash Shop Item - Miscellaneous Re-Monster Search Skill Database Quest Database RO Writings Map Database Creation Database Misc Database NPC Search Shop Search Skill Simulator Char Simulator Calculators Rate Settings Graphic Settings Advertise on RMS Site Map Affiliate Links » rAthena .:Item Database:. Items Listed From A-Zabcdefghijklmnopqrstuvwxyz Item Drop Rate: 1x Show iRO Classic Description? Hide items not dropped by monster? Vacation Hat [1]",A hat recommended to use for vacations. It helps to protect your face from strong sunshine.VIT + 1Impossible to refine this item.,"{ bonus bVit,1; },{},{}",No Result,Armor,ic Description?,v,html_block,,Every Job,,,
7146,Vacance_Ticket,Vacation Ticket,,,,,,v,html_block,,,,,
4049,Vadon_Card,Vadon Card,,,,,,v,html_block,,,,,
4183,Vagabond_Wolf_Card,Vagabond Wolf Card,,,,,,v,html_block,,,,,
14574,Skull_Of_Vagabond,Vagabond's Skull,,,,,,v,html_block,,,,,
12742,Valentine_Gift_Box1,Valentine Gift Box,,,,,,v,html_block,,,,,
12743,Valentine_Gift_Box2,Valentine Gift Box,,,,,,v,html_block,,,,,
5817,Valentine_Pledge,Valentine Pledge [0],,,,,,v,html_block,,,,,
14548,Fire_Cracker_Vday,Valentine's Day Firecracker,,,,,,v,html_block,,,,,
13806,Fire_Cracker_Vday_Box,Valentine's Day Firecracker Box,,,,,,v,html_block,,,,,
14466,Valentine_Pledge_Box,Valentine's Emblem Box,,,,,,v,html_block,,,,,
7510,Valhalla_Flower,Valhalla's Flower,,,,,,v,html_block,,,,,
5345,Debril_Doll_Hat,"Home Join Now Forum Renewal Item Monster Skill Low Rate Mid Rate High Rate Super High Rate New Servers List All Search Item Search Equipments - Weapons - Daggers - 1-handed Swords - 2-handed Swords - 1-handed Spears - 2-handed Spears - 1-handed Axes - 2-handed Axes - Maces - 1-handed Staffs - 2-handed Staffs - Bows - Knuckles - Musical Instruments - Whips - Books - Katars - Fuuma Shurikens - Guns » - Revolvers - Rifles - Gatling Guns - Shotguns - Grenade Launchers - Armors - Armors - Shields - Garments - Footgears - Accessories - Headgears » - Upper Head - Middle Head - Lower Head - Upper & Middle - Middle & Lower - Upper & Lower - U, M & L - Costume Headgears - Cards - On Headgear - On Armor - On Weapon - On Shield - On Garment - On Footgear - On Accessory - Ammunitions - Arrows - Bullets - Grenades - Shurikens - Kunais - Cannon Balls - Throw Weapons - Throwing Daggers Other Items - Healing Item - Usable Item - Monster Egg - Pet Armor - Taming Item - Delayed-Consumable - Cash Shop Item - Miscellaneous Monster Search Re-Item Search Re-Equipments - Weapons - Daggers - 1-handed Swords - 2-handed Swords - 1-handed Spears - 2-handed Spears - 1-handed Axes - 2-handed Axes - Maces - 1-handed Staffs - 2-handed Staffs - Bows - Knuckles - Musical Instruments - Whips - Books - Katars - Fuuma Shurikens - Guns » - Revolvers - Rifles - Gatling Guns - Shotguns - Grenade Launchers - Armors - Armors - Shields - Garments - Footgears - Accessories - Headgears » - Upper Head - Middle Head - Lower Head - Upper & Middle - Middle & Lower - Upper & Lower - U, M & L - Cards - On Headgear - On Armor - On Weapon - On Shield - On Garment - On Footgear - On Accessory - Ammunitions - Arrows - Bullets - Grenades - Shurikens - Kunais - Cannon Balls - Throw Weapons - Throwing Daggers - Shadow Gears - Weapons - Armors - Shields - Footgears - Earring - Pendant - Costumes - Garments - Headgears » - Upper Head - Middle Head - Lower Head - Upper & Middle - Middle & Lower - Upper & Lower - U, M & L Other Re-Items - Healing Item - Usable Item - Monster Egg - Pet Armor - Taming Item - Delayed-Consumable - Cash Shop Item - Miscellaneous Re-Monster Search Skill Database Quest Database RO Writings Map Database Creation Database Misc Database NPC Search Shop Search Skill Simulator Char Simulator Calculators Rate Settings Graphic Settings Advertise on RMS Site Map Affiliate Links » rAthena .:Item Database:. Items Listed From A-Zabcdefghijklmnopqrstuvwxyz Item Drop Rate: 1x Show iRO Classic Description? Hide items not dropped by monster? W Doll Hat [1]","So hot! A headgear with the figure of Kafra W! There is a rumor that an assassin association wants to scout her, because there are so many guys who become frightened and faint when she calls them.Reduces damage from Demihuman monster by 5%.Increases physical and magical damage to the undead monster by 5%.Impossible to refine this item.","{ bonus2 bSubRace,RC_DemiHuman,5; bonus2 bSubRace,RC_Player_Human,5; bonus bLuk,2; bonus2 bAddRace,RC_Undead,5; bonus2 bMagicAddRace,RC_Undead,5; bonus2 bSubRace,RC_Undead,5; },{},{}",No Result,Armor,ic Description?,w,html_block,,Every Job,,,
13967,Debril_Doll_Hat_Box,W Doll Hat Box,,,,,,w,html_block,,,,,
1801,Waghnakh,Waghnak [3],,,,,,w,html_block,,,,,
1802,Waghnakh_,Waghnak [4],,,,,,w,html_block,,,,,
1606,Wand__,Wand [0],,,,,,w,html_block,,,,,
1604,Wand,Wand [2],,,,,,w,html_block,,,,,
1605,Wand_,Wand [3],,,,,,w,html_block,,,,,
1614,Blessed_Wand,Wand of Occult [0],,,,,,w,html_block,,,,,
4210,Wander_Man_Card,Wanderer Card,,,,,,w,html_block,,,,,
9037,Wanderer_Egg,Wanderer Egg,,,,,,w,html_block,,,,,
13820,Wanderer_Box,Wanderer Taming Box,,,,,,w,html_block,,,,,
5579,Wanderer's_Sakkat,Wanderer's Sakkat [1],,,,,,w,html_block,,,,,
5079,Crossed_Hair_Band,"Home Join Now Forum Renewal Item Monster Skill Low Rate Mid Rate High Rate Super High Rate New Servers List All Search Item Search Equipments - Weapons - Daggers - 1-handed Swords - 2-handed Swords - 1-handed Spears - 2-handed Spears - 1-handed Axes - 2-handed Axes - Maces - 1-handed Staffs - 2-handed Staffs - Bows - Knuckles - Musical Instruments - Whips - Books - Katars - Fuuma Shurikens - Guns » - Revolvers - Rifles - Gatling Guns - Shotguns - Grenade Launchers - Armors - Armors - Shields - Garments - Footgears - Accessories - Headgears » - Upper Head - Middle Head - Lower Head - Upper & Middle - Middle & Lower - Upper & Lower - U, M & L - Costume Headgears - Cards - On Headgear - On Armor - On Weapon - On Shield - On Garment - On Footgear - On Accessory - Ammunitions - Arrows - Bullets - Grenades - Shurikens - Kunais - Cannon Balls - Throw Weapons - Throwing Daggers Other Items - Healing Item - Usable Item - Monster Egg - Pet Armor - Taming Item - Delayed-Consumable - Cash Shop Item - Miscellaneous Monster Search Re-Item Search Re-Equipments - Weapons - Daggers - 1-handed Swords - 2-handed Swords - 1-handed Spears - 2-handed Spears - 1-handed Axes - 2-handed Axes - Maces - 1-handed Staffs - 2-handed Staffs - Bows - Knuckles - Musical Instruments - Whips - Books - Katars - Fuuma Shurikens - Guns » - Revolvers - Rifles - Gatling Guns - Shotguns - Grenade Launchers - Armors - Armors - Shields - Garments - Footgears - Accessories - Headgears » - Upper Head - Middle Head - Lower Head - Upper & Middle - Middle & Lower - Upper & Lower - U, M & L - Cards - On Headgear - On Armor - On Weapon - On Shield - On Garment - On Footgear - On Accessory - Ammunitions - Arrows - Bullets - Grenades - Shurikens - Kunais - Cannon Balls - Throw Weapons - Throwing Daggers - Shadow Gears - Weapons - Armors - Shields - Footgears - Earring - Pendant - Costumes - Garments - Headgears » - Upper Head - Middle Head - Lower Head - Upper & Middle - Middle & Lower - Upper & Lower - U, M & L Other Re-Items - Healing Item - Usable Item - Monster Egg - Pet Armor - Taming Item - Delayed-Consumable - Cash Shop Item - Miscellaneous Re-Monster Search Skill Database Quest Database RO Writings Map Database Creation Database Misc Database NPC Search Shop Search Skill Simulator Char Simulator Calculators Rate Settings Graphic Settings Advertise on RMS Site Map Affiliate Links » rAthena .:Item Database:. Items Listed From A-Zabcdefghijklmnopqrstuvwxyz Item Drop Rate: 1x Show iRO Classic Description? Hide items not dropped by monster? X Hairpin [0]",A hair accessory that looks like an 'X'.,"{},{},{}",No Result,Armor,ic Description?,x,html_block,"X Hairpin, Giant Band Aid & Flower Hairpin",Every Job,,,
12200,Event_Cake,X-mas Cake,,,,,,x,html_block,,,,,
13910,Brewing_Box,XM Brewing Set Box,,,,,,x,html_block,,,,,
13908,Deviruchi_Set_Box,XM Deviruchi Set Box,,,,,Set Card Album Re Spr,x,html_block,,,,,
13905,Hard_Core_Set_Box,XM Hardcore Set Box,,,,,,x,html_block,,,,,
13906,Kitty_Set_Box,XM Kitty Set Box,,,,,,x,html_block,,,,,
13907,Soft_Core_Set_Box,XM Softcore Set Box,,,,,,x,html_block,,,,,
14550,Fire_Cracker_Xmas,Xmas Firecracker,,,,,,x,html_block,,,,,
13808,Fire_Cracker_Xmas_Box,Xmas Firecracker Box,,,,,,x,html_block,,,,,
12355,Xmas_Gift,Xmas Gift,,,,,,x,html_block,,,,,
7760,Yaga_Magic_Book,"Home Join Now Forum Renewal Item Monster Skill Low Rate Mid Rate High Rate Super High Rate New Servers List All Search Item Search Equipments - Weapons - Daggers - 1-handed Swords - 2-handed Swords - 1-handed Spears - 2-handed Spears - 1-handed Axes - 2-handed Axes - Maces - 1-handed Staffs - 2-handed Staffs - Bows - Knuckles - Musical Instruments - Whips - Books - Katars - Fuuma Shurikens - Guns » - Revolvers - Rifles - Gatling Guns - Shotguns - Grenade Launchers - Armors - Armors - Shields - Garments - Footgears - Accessories - Headgears » - Upper Head - Middle Head - Lower Head - Upper & Middle - Middle & Lower - Upper & Lower - U, M & L - Costume Headgears - Cards - On Headgear - On Armor - On Weapon - On Shield - On Garment - On Footgear - On Accessory - Ammunitions - Arrows - Bullets - Grenades - Shurikens - Kunais - Cannon Balls - Throw Weapons - Throwing Daggers Other Items - Healing Item - Usable Item - Monster Egg - Pet Armor - Taming Item - Delayed-Consumable - Cash Shop Item - Miscellaneous Monster Search Re-Item Search Re-Equipments - Weapons - Daggers - 1-handed Swords - 2-handed Swords - 1-handed Spears - 2-handed Spears - 1-handed Axes - 2-handed Axes - Maces - 1-handed Staffs - 2-handed Staffs - Bows - Knuckles - Musical Instruments - Whips - Books - Katars - Fuuma Shurikens - Guns » - Revolvers - Rifles - Gatling Guns - Shotguns - Grenade Launchers - Armors - Armors - Shields - Garments - Footgears - Accessories - Headgears » - Upper Head - Middle Head - Lower Head - Upper & Middle - Middle & Lower - Upper & Lower - U, M & L - Cards - On Headgear - On Armor - On Weapon - On Shield - On Garment - On Footgear - On Accessory - Ammunitions - Arrows - Bullets - Grenades - Shurikens - Kunais - Cannon Balls - Throw Weapons - Throwing Daggers - Shadow Gears - Weapons - Armors - Shields - Footgears - Earring - Pendant - Costumes - Garments - Headgears » - Upper Head - Middle Head - Lower Head - Upper & Middle - Middle & Lower - Upper & Lower - U, M & L Other Re-Items - Healing Item - Usable Item - Monster Egg - Pet Armor - Taming Item - Delayed-Consumable - Cash Shop Item - Miscellaneous Re-Monster Search Skill Database Quest Database RO Writings Map Database Creation Database Misc Database NPC Search Shop Search Skill Simulator Char Simulator Calculators Rate Settings Graphic Settings Advertise on RMS Site Map Affiliate Links » rAthena .:Item Database:. Items Listed From A-Zabcdefghijklmnopqrstuvwxyz Item Drop Rate: 1x Show iRO Classic Description? Hide items not dropped by monster? Yaga's Magic Book","It's an aged lady, Yaga's magic book which tells about how to practice the strongest black art.","{},{},{}",No Result,Miscellaneous,ic Description?,y,html_block,,,,,
7762,Yaga_Pestle,Yaga's Pestle,,,,,,y,html_block,,,,,
549,Nice_Sweet_Potato,Yam,,,,,,y,html_block,,,,,
4328,Hyegun_Card,Yao Jun Card,,,,,,y,html_block,,,,,
7038,Yarn,Yarn,,,,,,y,html_block,,,,,
5277,Yellow_Bandana,Yellow Bandana [0],,,,,,y,html_block,,,,,
7448,Dragonball_Yellow,Yellow Bijou,,,,,,y,html_block,,,,,
12507,E_WOB_Rune,Yellow Butterfly Wing,,,,,,y,html_block,,,,,
14582,WOB_Rune,Yellow Butterfly Wing,,,,,,y,html_block,,,,,
13849,WOB_Box_Rune5,Yellow Butterfly Wing 5 Box,,,,,,y,html_block,,,,,
14041,F_WOB_Rune_Box5,Yellow Butterfly Wing 5 Box,,,,,,y,html_block,,,,,
13850,WOB_Box_Rune10,Yellow Butterfly Wing Box,,,,,,y,html_block,,,,,
5464,Zaha_Doll_Hat,"Home Join Now Forum Renewal Item Monster Skill Low Rate Mid Rate High Rate Super High Rate New Servers List All Search Item Search Equipments - Weapons - Daggers - 1-handed Swords - 2-handed Swords - 1-handed Spears - 2-handed Spears - 1-handed Axes - 2-handed Axes - Maces - 1-handed Staffs - 2-handed Staffs - Bows - Knuckles - Musical Instruments - Whips - Books - Katars - Fuuma Shurikens - Guns » - Revolvers - Rifles - Gatling Guns - Shotguns - Grenade Launchers - Armors - Armors - Shields - Garments - Footgears - Accessories - Headgears » - Upper Head - Middle Head - Lower Head - Upper & Middle - Middle & Lower - Upper & Lower - U, M & L - Costume Headgears - Cards - On Headgear - On Armor - On Weapon - On Shield - On Garment - On Footgear - On Accessory - Ammunitions - Arrows - Bullets - Grenades - Shurikens - Kunais - Cannon Balls - Throw Weapons - Throwing Daggers Other Items - Healing Item - Usable Item - Monster Egg - Pet Armor - Taming Item - Delayed-Consumable - Cash Shop Item - Miscellaneous Monster Search Re-Item Search Re-Equipments - Weapons - Daggers - 1-handed Swords - 2-handed Swords - 1-handed Spears - 2-handed Spears - 1-handed Axes - 2-handed Axes - Maces - 1-handed Staffs - 2-handed Staffs - Bows - Knuckles - Musical Instruments - Whips - Books - Katars - Fuuma Shurikens - Guns » - Revolvers - Rifles - Gatling Guns - Shotguns - Grenade Launchers - Armors - Armors - Shields - Garments - Footgears - Accessories - Headgears » - Upper Head - Middle Head - Lower Head - Upper & Middle - Middle & Lower - Upper & Lower - U, M & L - Cards - On Headgear - On Armor - On Weapon - On Shield - On Garment - On Footgear - On Accessory - Ammunitions - Arrows - Bullets - Grenades - Shurikens - Kunais - Cannon Balls - Throw Weapons - Throwing Daggers - Shadow Gears - Weapons - Armors - Shields - Footgears - Earring - Pendant - Costumes - Garments - Headgears » - Upper Head - Middle Head - Lower Head - Upper & Middle - Middle & Lower - Upper & Lower - U, M & L Other Re-Items - Healing Item - Usable Item - Monster Egg - Pet Armor - Taming Item - Delayed-Consumable - Cash Shop Item - Miscellaneous Re-Monster Search Skill Database Quest Database RO Writings Map Database Creation Database Misc Database NPC Search Shop Search Skill Simulator Char Simulator Calculators Rate Settings Graphic Settings Advertise on RMS Site Map Affiliate Links » rAthena .:Item Database:. Items Listed From A-Zabcdefghijklmnopqrstuvwxyz Item Drop Rate: 1x Show iRO Classic Description? Hide items not dropped by monster? Zaha Doll Hat [0]",Zaha doll hat which resembles angel of Zaha. It looks great on your head.INT + 2Enables use ofLevel 3 Magnificat.Impossible to refine this item.(Select to show Renewal description for later added effect).,"{ bonus bInt,2; skill ""PR_MAGNIFICAT"", 3; },{},{}",No Result,Armor,ic Description?,z,html_block,,Every Job,,,
912,Zargon,Zargon,,,,,,z,html_block,,,,,
4277,Zherlthsh_Card,Zealotus Card,,,,,,z,html_block,,,,,
9026,Zherlthsh_Egg,Zealotus Egg,,,,,,z,html_block,,,,,
5121,Zherlthsh_Mask,Zealotus Mask [0],,,,,,z,html_block,,,,,
4096,Zenorc_Card,Zenorc Card,,,,,,z,html_block,,,,,
1044,Tooth_Of_,Zenorc's Fang,,,,,,z,html_block,,,,,
1238,Zeny_Knife,Zeny Knife [0],,,,,,z,html_block,,,,,
14508,Zeny_Scroll,Zeny Pet Egg Scroll,,,,,,z,html_block,,,,,
13525,Zeny_Scroll_Box,Zeny Pet Egg Scroll Box,,,,,,z,html_block,,,,,
1468,Zephyrus,Zephyrus [0],,,,,,z,html_block,,,,,
1481,Zephyrus_,Zephyrus [3],,,,,,z,html_block,,,,,
